trade_date,ts_code
2020-01-06,SH603286
2020-01-06,SH600099
2020-01-06,SZ300665
2020-01-06,SH603088
2020-01-06,SZ300626
2020-01-06,SH512890
2020-01-06,SZ300535
2020-01-06,SH600561
2020-01-06,SH600493
2020-01-06,SH603269
2020-01-13,SH603286
2020-01-13,SH600099
2020-01-13,SZ300665
2020-01-13,SH603088
2020-01-13,SH512890
2020-01-13,SZ002921
2020-01-13,SZ300535
2020-01-13,SH600561
2020-01-13,SH600493
2020-01-13,SH603269
2020-01-20,SZ000702
2020-01-20,SH600099
2020-01-20,SH603088
2020-01-20,SH512890
2020-01-20,SZ002921
2020-01-20,SZ300535
2020-01-20,SH600561
2020-01-20,SH600493
2020-01-20,SH603269
2020-01-20,SZ002112
2020-02-03,SH600099
2020-02-03,SZ300665
2020-02-03,SH512890
2020-02-03,SZ002921
2020-02-03,SH603269
2020-02-03,SZ002112
2020-02-03,SH600493
2020-02-03,SZ000929
2020-02-03,SZ300535
2020-02-03,SH600444
2020-02-10,SH603725
2020-02-10,SH600099
2020-02-10,SZ300665
2020-02-10,SH512890
2020-02-10,SZ002921
2020-02-10,SH603269
2020-02-10,SZ002112
2020-02-10,SZ300535
2020-02-10,SZ000929
2020-02-10,SH600444
2020-02-24,SH600137
2020-02-24,SZ300665
2020-02-24,SH603088
2020-02-24,SH512890
2020-02-24,SZ002921
2020-02-24,SH603269
2020-02-24,SZ002112
2020-02-24,SZ300535
2020-02-24,SZ000929
2020-02-24,SH600444
2020-03-02,SH600099
2020-03-02,SZ300665
2020-03-02,SH603088
2020-03-02,SH512890
2020-03-02,SH603269
2020-03-02,SZ300592
2020-03-02,SH600561
2020-03-02,SZ300535
2020-03-02,SZ000929
2020-03-02,SH600444
2020-03-09,SH600099
2020-03-09,SZ300665
2020-03-09,SH603088
2020-03-09,SH512890
2020-03-09,SZ002921
2020-03-09,SZ300592
2020-03-09,SH600561
2020-03-09,SH603269
2020-03-09,SZ000929
2020-03-09,SZ300535
2020-03-09,SH600444
2020-03-16,SH603725
2020-03-16,SH600137
2020-03-16,SH603088
2020-03-16,SH512890
2020-03-16,SZ002921
2020-03-16,SZ300592
2020-03-16,SH600561
2020-03-16,SH603269
2020-03-16,SZ000929
2020-03-16,SZ300535
2020-03-16,SH600444
2020-03-23,SH603725
2020-03-23,SZ000929
2020-03-23,SH600768
2020-03-23,SZ300106
2020-03-23,SH512890
2020-03-23,SZ300535
2020-03-23,SH600444
2020-03-23,SH600561
2020-03-23,SH603269
2020-03-23,SH603958
2020-03-30,SH603725
2020-03-30,SZ300554
2020-03-30,SH603683
2020-03-30,SH512890
2020-03-30,SH603269
2020-03-30,SZ300535
2020-03-30,SH600561
2020-03-30,SH600444
2020-03-30,SZ000929
2020-03-30,SH603958
2020-04-07,SH603725
2020-04-07,SZ300554
2020-04-07,SH600768
2020-04-07,SH512890
2020-04-07,SH603269
2020-04-07,SZ300535
2020-04-07,SH600561
2020-04-07,SZ300421
2020-04-07,SZ000929
2020-04-07,SH603958
2020-04-13,SH603725
2020-04-13,SZ300554
2020-04-13,SH600099
2020-04-13,SH512890
2020-04-13,SH603269
2020-04-13,SZ300535
2020-04-13,SH600561
2020-04-13,SZ300421
2020-04-13,SZ000929
2020-04-13,SH600444
2020-04-20,SH603286
2020-04-20,SZ300554
2020-04-20,SH600099
2020-04-20,SH600768
2020-04-20,SH512890
2020-04-20,SZ002667
2020-04-20,SH600444
2020-04-20,SH600493
2020-04-20,SH603269
2020-04-20,SZ300421
2020-04-27,SH603286
2020-04-27,SZ300554
2020-04-27,SH600099
2020-04-27,SH600768
2020-04-27,SH512890
2020-04-27,SZ300405
2020-04-27,SH600444
2020-04-27,SH600493
2020-04-27,SH603269
2020-04-27,SZ300421
2020-05-06,SH603286
2020-05-06,SH600137
2020-05-06,SZ300554
2020-05-06,SZ300717
2020-05-06,SH512890
2020-05-06,SH600444
2020-05-06,SH600493
2020-05-06,SH603729
2020-05-06,SZ300421
2020-05-06,SH600455
2020-05-11,SH603286
2020-05-11,SH600137
2020-05-11,SZ300554
2020-05-11,SZ300700
2020-05-11,SZ300717
2020-05-11,SZ300321
2020-05-11,SH512890
2020-05-11,SH600444
2020-05-11,SH600493
2020-05-11,SZ300421
2020-05-18,SH603286
2020-05-18,SH600137
2020-05-18,SZ300554
2020-05-18,SH603090
2020-05-18,SZ300717
2020-05-18,SZ300321
2020-05-18,SH512890
2020-05-18,SH600444
2020-05-18,SH600493
2020-05-18,SZ300421
2020-05-25,SH603286
2020-05-25,SH600137
2020-05-25,SH603159
2020-05-25,SZ300717
2020-05-25,SH512890
2020-05-25,SZ002921
2020-05-25,SH600444
2020-05-25,SH600493
2020-05-25,SZ300421
2020-05-25,SH600455
2020-06-01,SZ300210
2020-06-01,SH603286
2020-06-01,SH600137
2020-06-01,SZ300717
2020-06-01,SH512890
2020-06-01,SH600444
2020-06-01,SZ002112
2020-06-01,SH600493
2020-06-01,SZ300421
2020-06-01,SH600455
2020-06-08,SH603286
2020-06-08,SH603159
2020-06-08,SZ300717
2020-06-08,SH512890
2020-06-08,SH600444
2020-06-08,SZ002112
2020-06-08,SH600493
2020-06-08,SZ300421
2020-06-08,SH603580
2020-06-08,SH600455
2020-06-15,SZ300210
2020-06-15,SH603286
2020-06-15,SZ300668
2020-06-15,SZ300717
2020-06-15,SH512890
2020-06-15,SH600444
2020-06-15,SZ002112
2020-06-15,SH600493
2020-06-15,SZ300421
2020-06-15,SH600455
2020-06-22,SH603286
2020-06-22,SH603159
2020-06-22,SZ300717
2020-06-22,SH603813
2020-06-22,SH512890
2020-06-22,SH600444
2020-06-22,SH600493
2020-06-22,SZ002899
2020-06-22,SZ300421
2020-06-22,SH600455
2020-06-29,SZ300668
2020-06-29,SH600202
2020-06-29,SH603813
2020-06-29,SH512890
2020-06-29,SH600444
2020-06-29,SH600493
2020-06-29,SZ002144
2020-06-29,SH600605
2020-06-29,SZ300421
2020-06-29,SH600455
2020-07-06,SZ300700
2020-07-06,SZ300668
2020-07-06,SH600202
2020-07-06,SZ300717
2020-07-06,SH603813
2020-07-06,SH512890
2020-07-06,SH600444
2020-07-06,SH600493
2020-07-06,SZ002144
2020-07-06,SZ300421
2020-07-13,SZ300700
2020-07-13,SZ300554
2020-07-13,SH600202
2020-07-13,SZ300717
2020-07-13,SH512890
2020-07-13,SH600444
2020-07-13,SH600493
2020-07-13,SZ002144
2020-07-13,SH600605
2020-07-13,SZ300421
2020-07-20,SZ300700
2020-07-20,SZ300554
2020-07-20,SH603090
2020-07-20,SH600202
2020-07-20,SZ300717
2020-07-20,SH512890
2020-07-20,SH600444
2020-07-20,SZ300421
2020-07-20,SZ002144
2020-07-20,SZ002899
2020-07-27,SH603320
2020-07-27,SH603286
2020-07-27,SZ300700
2020-07-27,SZ300554
2020-07-27,SZ300321
2020-07-27,SH512890
2020-07-27,SH600444
2020-07-27,SZ300421
2020-07-27,SZ002144
2020-07-27,SZ002899
2020-08-03,SH603320
2020-08-03,SH603286
2020-08-03,SZ300321
2020-08-03,SH512890
2020-08-03,SH600444
2020-08-03,SH600493
2020-08-03,SZ002144
2020-08-03,SH600719
2020-08-03,SZ300421
2020-08-03,SH603161
2020-08-10,SH603320
2020-08-10,SH603286
2020-08-10,SH603159
2020-08-10,SH603813
2020-08-10,SZ300321
2020-08-10,SH512890
2020-08-10,SH600444
2020-08-10,SH600493
2020-08-10,SZ002144
2020-08-10,SZ300421
2020-08-17,SH603286
2020-08-17,SH600137
2020-08-17,SH600202
2020-08-17,SH603356
2020-08-17,SH603908
2020-08-17,SZ300321
2020-08-17,SH603813
2020-08-17,SH512890
2020-08-17,SH600493
2020-08-17,SH603729
2020-08-24,SH603286
2020-08-24,SH600137
2020-08-24,SH600202
2020-08-24,SZ002857
2020-08-24,SH603908
2020-08-24,SZ300321
2020-08-24,SH603813
2020-08-24,SH512890
2020-08-24,SH600493
2020-08-24,SH600719
2020-08-31,SH603286
2020-08-31,SZ300665
2020-08-31,SH603908
2020-08-31,SZ300321
2020-08-31,SH603813
2020-08-31,SH512890
2020-08-31,SZ300535
2020-08-31,SH600444
2020-08-31,SH600493
2020-08-31,SH600719
2020-09-07,SH603286
2020-09-07,SH600137
2020-09-07,SZ300665
2020-09-07,SH603813
2020-09-07,SH603729
2020-09-07,SH512890
2020-09-07,SZ300535
2020-09-07,SH600444
2020-09-07,SH600493
2020-09-07,SH603269
2020-09-07,SH600719
2020-09-14,SZ000586
2020-09-14,SH603286
2020-09-14,SH600768
2020-09-14,SZ300665
2020-09-14,SH603316
2020-09-14,SH603908
2020-09-14,SH603813
2020-09-14,SH512890
2020-09-14,SH600444
2020-09-14,SH600493
2020-09-14,SH603269
2020-09-21,SZ000586
2020-09-21,SZ000702
2020-09-21,SH600137
2020-09-21,SH603286
2020-09-21,SH600768
2020-09-21,SH603316
2020-09-21,SH603729
2020-09-21,SH512890
2020-09-21,SH600444
2020-09-21,SH600506
2020-09-28,SZ000586
2020-09-28,SZ000702
2020-09-28,SH600137
2020-09-28,SH603286
2020-09-28,SH600768
2020-09-28,SH603908
2020-09-28,SH512890
2020-09-28,SH600444
2020-09-28,SH600506
2020-09-28,SH600128
2020-10-12,SZ000702
2020-10-12,SH600137
2020-10-12,SH603286
2020-10-12,SH600768
2020-10-12,SH603908
2020-10-12,SH603813
2020-10-12,SH512890
2020-10-12,SH600444
2020-10-12,SH603729
2020-10-12,SH600455
2020-10-19,SH603320
2020-10-19,SZ000702
2020-10-19,SZ000622
2020-10-19,SH600137
2020-10-19,SH603286
2020-10-19,SH600768
2020-10-19,SH600202
2020-10-19,SH512890
2020-10-19,SH600444
2020-10-19,SH603729
2020-10-26,SZ002843
2020-10-26,SZ000702
2020-10-26,SZ000622
2020-10-26,SH600137
2020-10-26,SH603286
2020-10-26,SH600202
2020-10-26,SH603356
2020-10-26,SH512890
2020-10-26,SH600444
2020-10-26,SH600455
2020-11-02,SZ000702
2020-11-02,SZ000622
2020-11-02,SH603286
2020-11-02,SZ002209
2020-11-02,SH600768
2020-11-02,SH600202
2020-11-02,SH512890
2020-11-02,SH600444
2020-11-02,SH603729
2020-11-02,SH600455
2020-11-09,SZ000702
2020-11-09,SH603286
2020-11-09,SH600099
2020-11-09,SH600768
2020-11-09,SH600202
2020-11-09,SH512890
2020-11-09,SH600444
2020-11-09,SH603269
2020-11-09,SH603729
2020-11-09,SH600455
2020-11-16,SZ000702
2020-11-16,SH600137
2020-11-16,SH600099
2020-11-16,SH600768
2020-11-16,SH603813
2020-11-16,SH512890
2020-11-16,SH600444
2020-11-16,SH603269
2020-11-16,SH603729
2020-11-16,SH600455
2020-11-23,SZ000702
2020-11-23,SH600099
2020-11-23,SZ002857
2020-11-23,SH603813
2020-11-23,SH603729
2020-11-23,SH512890
2020-11-23,SH600444
2020-11-23,SH603269
2020-11-23,SH600506
2020-11-23,SH600455
2020-11-30,SZ000702
2020-11-30,SH600137
2020-11-30,SH603813
2020-11-30,SH603729
2020-11-30,SH512890
2020-11-30,SH600444
2020-11-30,SH603269
2020-11-30,SH600506
2020-11-30,SZ002800
2020-11-30,SH600455
2020-12-07,SZ000586
2020-12-07,SH600302
2020-12-07,SH600137
2020-12-07,SH603813
2020-12-07,SH603729
2020-12-07,SH512890
2020-12-07,SH603269
2020-12-07,SH600506
2020-12-07,SZ002800
2020-12-07,SH600455
2020-12-14,SZ000586
2020-12-14,SH600302
2020-12-14,SH600137
2020-12-14,SH603813
2020-12-14,SH603729
2020-12-14,SH512890
2020-12-14,SH600444
2020-12-14,SH603269
2020-12-14,SH600506
2020-12-14,SH600455
2020-12-21,SH600137
2020-12-21,SH603813
2020-12-21,SH603729
2020-12-21,SH512890
2020-12-21,SH600444
2020-12-21,SH600493
2020-12-21,SH603269
2020-12-21,SH600302
2020-12-21,SZ002800
2020-12-21,SH600455
2020-12-28,SZ000586
2020-12-28,SH600137
2020-12-28,SH603813
2020-12-28,SH512890
2020-12-28,SH600444
2020-12-28,SH600493
2020-12-28,SH603269
2020-12-28,SH603729
2020-12-28,SZ002800
2020-12-28,SH600455
2021-01-04,SH603725
2021-01-04,SH600137
2021-01-04,SH600099
2021-01-04,SH603813
2021-01-04,SH512890
2021-01-04,SH600444
2021-01-04,SH600493
2021-01-04,SH603269
2021-01-04,SH603729
2021-01-04,SH600455
2021-01-11,SZ000586
2021-01-11,SH600137
2021-01-11,SH600099
2021-01-11,SH600768
2021-01-11,SH603813
2021-01-11,SH512890
2021-01-11,SH600444
2021-01-11,SH600493
2021-01-11,SH603269
2021-01-11,SH600455
2021-01-18,SZ000586
2021-01-18,SH603286
2021-01-18,SH600099
2021-01-18,SZ002209
2021-01-18,SH600768
2021-01-18,SH603813
2021-01-18,SH512890
2021-01-18,SH600493
2021-01-18,SH603269
2021-01-18,SH600455
2021-01-25,SH603286
2021-01-25,SH600099
2021-01-25,SZ002209
2021-01-25,SH600768
2021-01-25,SH603316
2021-01-25,SH603813
2021-01-25,SH512890
2021-01-25,SH600493
2021-01-25,SH603269
2021-01-25,SH600455
2021-02-01,SH603320
2021-02-01,SH603286
2021-02-01,SZ002209
2021-02-01,SH603316
2021-02-01,SH603813
2021-02-01,SH512890
2021-02-01,SH600493
2021-02-01,SH603269
2021-02-01,SZ002800
2021-02-01,SH600455
2021-02-08,SH603320
2021-02-08,SH603286
2021-02-08,SZ002209
2021-02-08,SH600768
2021-02-08,SH603316
2021-02-08,SH603813
2021-02-08,SH512890
2021-02-08,SH600493
2021-02-08,SH603269
2021-02-08,SH600455
2021-02-22,SH603320
2021-02-22,SZ300553
2021-02-22,SH603286
2021-02-22,SZ002209
2021-02-22,SH603813
2021-02-22,SH512890
2021-02-22,SH600493
2021-02-22,SH603269
2021-02-22,SH600506
2021-02-22,SH600455
2021-03-01,SH603320
2021-03-01,SZ300553
2021-03-01,SH603286
2021-03-01,SH600137
2021-03-01,SH603813
2021-03-01,SH512890
2021-03-01,SH600493
2021-03-01,SH603269
2021-03-01,SZ002800
2021-03-01,SH600455
2021-03-08,SH603320
2021-03-08,SH603286
2021-03-08,SH600137
2021-03-08,SH603090
2021-03-08,SH603316
2021-03-08,SH603813
2021-03-08,SH512890
2021-03-08,SH600493
2021-03-08,SH603269
2021-03-08,SZ002800
2021-03-15,SH603320
2021-03-15,SH603286
2021-03-15,SH600137
2021-03-15,SH603090
2021-03-15,SH603813
2021-03-15,SH512890
2021-03-15,SH600444
2021-03-15,SH600493
2021-03-15,SH603269
2021-03-15,SZ002800
2021-03-22,SH603320
2021-03-22,SZ000586
2021-03-22,SH600847
2021-03-22,SH600099
2021-03-22,SZ002209
2021-03-22,SH603813
2021-03-22,SH512890
2021-03-22,SH600444
2021-03-22,SH600493
2021-03-22,SH603269
2021-03-29,SH603320
2021-03-29,SH600847
2021-03-29,SH600099
2021-03-29,SH600768
2021-03-29,SH603813
2021-03-29,SH512890
2021-03-29,SZ300535
2021-03-29,SH600444
2021-03-29,SH600493
2021-03-29,SH603269
2021-04-06,SH603286
2021-04-06,SZ300700
2021-04-06,SZ002209
2021-04-06,SH600768
2021-04-06,SH603813
2021-04-06,SH512890
2021-04-06,SZ300535
2021-04-06,SH600444
2021-04-06,SH600493
2021-04-06,SH603269
2021-04-12,SH600847
2021-04-12,SH603286
2021-04-12,SZ300700
2021-04-12,SH600768
2021-04-12,SH603813
2021-04-12,SZ300535
2021-04-12,SH512890
2021-04-12,SH600444
2021-04-12,SH600493
2021-04-12,SH603269
2021-04-19,SZ000702
2021-04-19,SZ300700
2021-04-19,SH603286
2021-04-19,SH600768
2021-04-19,SZ300668
2021-04-19,SH512890
2021-04-19,SH600444
2021-04-19,SH600493
2021-04-19,SH603729
2021-04-19,SH600455
2021-04-26,SH603286
2021-04-26,SZ300700
2021-04-26,SH600768
2021-04-26,SZ300668
2021-04-26,SH603813
2021-04-26,SH512890
2021-04-26,SH600444
2021-04-26,SH600493
2021-04-26,SH603729
2021-04-26,SH600455
2021-05-06,SH603286
2021-05-06,SH600137
2021-05-06,SH603090
2021-05-06,SZ002633
2021-05-06,SZ300668
2021-05-06,SH603813
2021-05-06,SH603029
2021-05-06,SH512890
2021-05-06,SZ300535
2021-05-06,SH600444
2021-05-10,SZ000586
2021-05-10,SZ300553
2021-05-10,SH603286
2021-05-10,SH603090
2021-05-10,SZ300668
2021-05-10,SH603813
2021-05-10,SH603029
2021-05-10,SH512890
2021-05-10,SZ300535
2021-05-10,SH600444
2021-05-17,SZ300553
2021-05-17,SH603286
2021-05-17,SH603090
2021-05-17,SZ002633
2021-05-17,SZ300668
2021-05-17,SH603813
2021-05-17,SH603029
2021-05-17,SH512890
2021-05-17,SZ300535
2021-05-17,SH600444
2021-05-24,SZ000586
2021-05-24,SZ300553
2021-05-24,SH603286
2021-05-24,SH603090
2021-05-24,SZ300668
2021-05-24,SH603813
2021-05-24,SH603029
2021-05-24,SH512890
2021-05-24,SZ300535
2021-05-24,SH603958
2021-05-31,SZ000586
2021-05-31,SH603286
2021-05-31,SH600099
2021-05-31,SZ002633
2021-05-31,SH603813
2021-05-31,SH603029
2021-05-31,SH512890
2021-05-31,SZ300535
2021-05-31,SH603958
2021-05-31,SH600455
2021-06-07,SH603286
2021-06-07,SH600099
2021-06-07,SH603090
2021-06-07,SZ300668
2021-06-07,SH603813
2021-06-07,SH603029
2021-06-07,SH512890
2021-06-07,SZ300535
2021-06-07,SH603269
2021-06-07,SH600455
2021-06-15,SH603286
2021-06-15,SH600099
2021-06-15,SZ002633
2021-06-15,SZ300668
2021-06-15,SH603813
2021-06-15,SH603029
2021-06-15,SH512890
2021-06-15,SZ300535
2021-06-15,SH603269
2021-06-15,SZ002800
2021-06-15,SH600455
2021-06-21,SH603286
2021-06-21,SH600099
2021-06-21,SZ002209
2021-06-21,SZ002633
2021-06-21,SZ300668
2021-06-21,SH603813
2021-06-21,SH603029
2021-06-21,SH512890
2021-06-21,SH603269
2021-06-21,SZ002800
2021-06-21,SH600455
2021-06-28,SZ000586
2021-06-28,SH600778
2021-06-28,SH603286
2021-06-28,SZ002209
2021-06-28,SZ002633
2021-06-28,SH603813
2021-06-28,SH603029
2021-06-28,SH512890
2021-06-28,SH603269
2021-06-28,SZ002800
2021-06-28,SH600455
2021-07-05,SH600099
2021-07-05,SZ002209
2021-07-05,SH603813
2021-07-05,SH603029
2021-07-05,SH512890
2021-07-05,SZ002112
2021-07-05,SH600493
2021-07-05,SH603269
2021-07-05,SZ002800
2021-07-05,SH600455
2021-07-12,SH600099
2021-07-12,SZ002209
2021-07-12,SH603813
2021-07-12,SH512890
2021-07-12,SH600689
2021-07-12,SH600493
2021-07-12,SH603269
2021-07-12,SH600719
2021-07-12,SZ002800
2021-07-12,SH600455
2021-07-19,SZ002209
2021-07-19,SZ002836
2021-07-19,SH603813
2021-07-19,SH512890
2021-07-19,SH600689
2021-07-19,SH600493
2021-07-19,SH603269
2021-07-19,SH600719
2021-07-19,SZ002800
2021-07-19,SH600455
2021-07-26,SZ002883
2021-07-26,SH603813
2021-07-26,SH512890
2021-07-26,SH600689
2021-07-26,SH603709
2021-07-26,SH600493
2021-07-26,SH603269
2021-07-26,SH600719
2021-07-26,SZ002800
2021-07-26,SH600455
2021-08-02,SH603316
2021-08-02,SZ002883
2021-08-02,SH512890
2021-08-02,SH600689
2021-08-02,SH603709
2021-08-02,SH600493
2021-08-02,SH603269
2021-08-02,SH600719
2021-08-02,SZ002800
2021-08-02,SH600455
2021-08-09,SH600778
2021-08-09,SZ002193
2021-08-09,SZ002883
2021-08-09,SH512890
2021-08-09,SH603709
2021-08-09,SH600493
2021-08-09,SH603269
2021-08-09,SH600719
2021-08-09,SZ002800
2021-08-09,SH600455
2021-08-16,SH600778
2021-08-16,SH600137
2021-08-16,SZ002836
2021-08-16,SH512890
2021-08-16,SH603709
2021-08-16,SH600493
2021-08-16,SH603269
2021-08-16,SH600719
2021-08-16,SZ002800
2021-08-16,SH600455
2021-08-23,SH600778
2021-08-23,SZ002836
2021-08-23,SH603316
2021-08-23,SZ002883
2021-08-23,SH512890
2021-08-23,SH603709
2021-08-23,SH600493
2021-08-23,SH603269
2021-08-23,SH603580
2021-08-23,SH600455
2021-08-30,SH600778
2021-08-30,SZ002836
2021-08-30,SH603316
2021-08-30,SZ002205
2021-08-30,SH512890
2021-08-30,SH603709
2021-08-30,SH600493
2021-08-30,SH600719
2021-08-30,SH603580
2021-08-30,SH600455
2021-09-06,SH600778
2021-09-06,SZ002836
2021-09-06,SH603316
2021-09-06,SZ002883
2021-09-06,SH512890
2021-09-06,SH600689
2021-09-06,SH603709
2021-09-06,SH600493
2021-09-06,SH603269
2021-09-06,SH600455
2021-09-13,SZ002836
2021-09-13,SH603316
2021-09-13,SZ002883
2021-09-13,SH603813
2021-09-13,SH512890
2021-09-13,SZ002800
2021-09-13,SH603709
2021-09-13,SH600493
2021-09-13,SH603580
2021-09-13,SH600455
2021-09-22,SZ002836
2021-09-22,SH603316
2021-09-22,SZ002883
2021-09-22,SH603813
2021-09-22,SH512890
2021-09-22,SZ002800
2021-09-22,SH603709
2021-09-22,SH600493
2021-09-22,SH603269
2021-09-22,SH603580
2021-09-27,SZ002209
2021-09-27,SZ002633
2021-09-27,SH603316
2021-09-27,SZ002883
2021-09-27,SH603813
2021-09-27,SH512890
2021-09-27,SZ002800
2021-09-27,SH603709
2021-09-27,SH603269
2021-09-27,SH603580
2021-10-11,SH600137
2021-10-11,SZ002209
2021-10-11,SZ002836
2021-10-11,SZ002633
2021-10-11,SH603316
2021-10-11,SZ002883
2021-10-11,SH603813
2021-10-11,SH512890
2021-10-11,SH603709
2021-10-11,SZ002800
2021-10-18,SH603286
2021-10-18,SH600137
2021-10-18,SZ002836
2021-10-18,SZ002633
2021-10-18,SH603316
2021-10-18,SZ002883
2021-10-18,SH603813
2021-10-18,SH603029
2021-10-18,SH512890
2021-10-18,SH603709
2021-10-25,SH600778
2021-10-25,SH603286
2021-10-25,SZ002836
2021-10-25,SH603316
2021-10-25,SZ002883
2021-10-25,SH603813
2021-10-25,SH603029
2021-10-25,SZ300478
2021-10-25,SH512890
2021-10-25,SH603709
2021-11-01,SH600778
2021-11-01,SZ300654
2021-11-01,SZ002836
2021-11-01,SZ002633
2021-11-01,SH603316
2021-11-01,SZ002883
2021-11-01,SH603813
2021-11-01,SH603029
2021-11-01,SH512890
2021-11-01,SH603709
2021-11-08,SH600768
2021-11-08,SH600561
2021-11-08,SZ002830
2021-11-08,SZ002633
2021-11-08,SH603316
2021-11-08,SZ002883
2021-11-08,SH603813
2021-11-08,SH512890
2021-11-08,SH600689
2021-11-08,SH603709
2021-11-15,SZ300654
2021-11-15,SH600137
2021-11-15,SH600768
2021-11-15,SZ002830
2021-11-15,SZ002691
2021-11-15,SH603316
2021-11-15,SZ002883
2021-11-15,SH512890
2021-11-15,SH600689
2021-11-15,SH603709
2021-11-22,SH600778
2021-11-22,SZ300654
2021-11-22,SH600768
2021-11-22,SZ002830
2021-11-22,SZ002691
2021-11-22,SZ002883
2021-11-22,SH512890
2021-11-22,SH600689
2021-11-22,SH603709
2021-11-22,SH603269
2021-11-29,SH600778
2021-11-29,SH600137
2021-11-29,SH600768
2021-11-29,SZ002633
2021-11-29,SZ002883
2021-11-29,SH603813
2021-11-29,SH512890
2021-11-29,SH600689
2021-11-29,SH603709
2021-11-29,SH603269
2021-12-06,SH600778
2021-12-06,SH600137
2021-12-06,SH600768
2021-12-06,SZ002691
2021-12-06,SZ002633
2021-12-06,SH603316
2021-12-06,SZ002883
2021-12-06,SH512890
2021-12-06,SH600689
2021-12-06,SH603709
2021-12-13,SH600778
2021-12-13,SH600768
2021-12-13,SH600561
2021-12-13,SZ002633
2021-12-13,SH603316
2021-12-13,SZ002883
2021-12-13,SH512890
2021-12-13,SH600689
2021-12-13,SH603709
2021-12-13,SH603269
2021-12-20,SH600778
2021-12-20,SZ000691
2021-12-20,SH600137
2021-12-20,SH600768
2021-12-20,SZ002633
2021-12-20,SH603316
2021-12-20,SZ002883
2021-12-20,SH512890
2021-12-20,SH600689
2021-12-20,SH603709
2021-12-27,SZ000691
2021-12-27,SH600137
2021-12-27,SH600768
2021-12-27,SZ002633
2021-12-27,SH603316
2021-12-27,SZ002883
2021-12-27,SH603029
2021-12-27,SH512890
2021-12-27,SH600689
2021-12-27,SH603709
2022-01-04,SZ000691
2022-01-04,SH600137
2022-01-04,SH600768
2022-01-04,SZ002830
2022-01-04,SH603316
2022-01-04,SH603029
2022-01-04,SZ300478
2022-01-04,SH512890
2022-01-04,SH600689
2022-01-04,SH603709
2022-01-10,SH600137
2022-01-10,SH600768
2022-01-10,SZ002830
2022-01-10,SH603316
2022-01-10,SH603029
2022-01-10,SZ300478
2022-01-10,SH512890
2022-01-10,SH600689
2022-01-10,SH603709
2022-01-10,SH603580
2022-01-17,SH600137
2022-01-17,SZ300736
2022-01-17,SH600561
2022-01-17,SZ002830
2022-01-17,SH603316
2022-01-17,SH600768
2022-01-17,SH603029
2022-01-17,SH512890
2022-01-17,SH600689
2022-01-17,SH603709
2022-02-07,SH600778
2022-02-07,SH600137
2022-02-07,SZ300736
2022-02-07,SH600561
2022-02-07,SH600768
2022-02-07,SH603316
2022-02-07,SH603813
2022-02-07,SH512890
2022-02-07,SH600689
2022-02-07,SH603709
2022-02-21,SZ000691
2022-02-21,SH603286
2022-02-21,SH600137
2022-02-21,SZ300736
2022-02-21,SH600768
2022-02-21,SH603813
2022-02-21,SH512890
2022-02-21,SH603709
2022-02-21,SZ002719
2022-02-21,SZ002800
2022-02-28,SZ300654
2022-02-28,SZ002862
2022-02-28,SH603286
2022-02-28,SH600137
2022-02-28,SZ300736
2022-02-28,SH603813
2022-02-28,SH512890
2022-02-28,SH600689
2022-02-28,SH603709
2022-02-28,SZ002719
2022-03-07,SZ002862
2022-03-07,SH603286
2022-03-07,SH600137
2022-03-07,SZ300554
2022-03-07,SZ002883
2022-03-07,SH603813
2022-03-07,SH512890
2022-03-07,SH603709
2022-03-07,SZ002719
2022-03-07,SH600455
2022-03-14,SH600778
2022-03-14,SZ000691
2022-03-14,SH603286
2022-03-14,SH600137
2022-03-14,SZ300417
2022-03-14,SZ002883
2022-03-14,SZ300717
2022-03-14,SH512890
2022-03-14,SH603709
2022-03-14,SZ002890
2022-03-21,SZ002890
2022-03-21,SH603286
2022-03-21,SZ300736
2022-03-21,SZ300417
2022-03-21,SZ002883
2022-03-21,SZ300478
2022-03-21,SH512890
2022-03-21,SH603709
2022-03-21,SZ300779
2022-03-21,SH603580
2022-04-06,SZ002890
2022-04-06,SH603286
2022-04-06,SZ300736
2022-04-06,SZ300417
2022-04-06,SZ002883
2022-04-06,SZ300478
2022-04-06,SH512890
2022-04-06,SH603709
2022-04-06,SZ300779
2022-04-06,SZ300836
2022-04-11,SZ002890
2022-04-11,SH603286
2022-04-11,SZ300606
2022-04-11,SZ300736
2022-04-11,SZ300417
2022-04-11,SZ300478
2022-04-11,SH512890
2022-04-11,SH603709
2022-04-11,SZ300779
2022-04-11,SH603580
2022-04-18,SZ002862
2022-04-18,SH603286
2022-04-18,SZ300736
2022-04-18,SZ300417
2022-04-18,SZ300665
2022-04-18,SZ300717
2022-04-18,SH512890
2022-04-18,SH603709
2022-04-18,SZ300779
2022-04-18,SZ300836
2022-04-25,SZ002862
2022-04-25,SH603286
2022-04-25,SZ300417
2022-04-25,SZ300717
2022-04-25,SZ300321
2022-04-25,SZ300478
2022-04-25,SH512890
2022-04-25,SH603709
2022-04-25,SZ300779
2022-04-25,SZ300836
2022-05-05,SZ002862
2022-05-05,SH600520
2022-05-05,SZ300321
2022-05-05,SZ002652
2022-05-05,SZ300717
2022-05-05,SH512890
2022-05-05,SH603709
2022-05-05,SH603269
2022-05-05,SH603580
2022-05-05,SH600455
2022-05-09,SZ002862
2022-05-09,SH603499
2022-05-09,SZ002883
2022-05-09,SH600520
2022-05-09,SZ300321
2022-05-09,SZ300717
2022-05-09,SH512890
2022-05-09,SH603709
2022-05-09,SH603269
2022-05-09,SH600455
2022-05-16,SZ002862
2022-05-16,SH603499
2022-05-16,SH600520
2022-05-16,SZ300717
2022-05-16,SZ300478
2022-05-16,SH512890
2022-05-16,SH603709
2022-05-16,SH603269
2022-05-16,SZ002112
2022-05-16,SH600455
2022-05-23,SZ002862
2022-05-23,SZ002633
2022-05-23,SZ300717
2022-05-23,SZ300321
2022-05-23,SH603029
2022-05-23,SH512890
2022-05-23,SH603709
2022-05-23,SH603269
2022-05-23,SZ300836
2022-05-23,SH600455
2022-05-30,SZ300836
2022-05-30,SH600520
2022-05-30,SZ300321
2022-05-30,SZ300717
2022-05-30,SH512890
2022-05-30,SH603269
2022-05-30,SH603709
2022-05-30,SZ002890
2022-05-30,SZ002899
2022-05-30,SH600455
2022-06-06,SH600137
2022-06-06,SZ300717
2022-06-06,SZ300321
2022-06-06,SH512890
2022-06-06,SH603269
2022-06-06,SZ300535
2022-06-06,SH603709
2022-06-06,SZ002890
2022-06-06,SZ002899
2022-06-06,SH600455
2022-06-13,SH600137
2022-06-13,SH600520
2022-06-13,SZ300321
2022-06-13,SZ300717
2022-06-13,SH512890
2022-06-13,SH603269
2022-06-13,SZ300535
2022-06-13,SH603709
2022-06-13,SZ002890
2022-06-13,SH600455
2022-06-20,SH600137
2022-06-20,SH600520
2022-06-20,SZ300321
2022-06-20,SZ300717
2022-06-20,SZ300478
2022-06-20,SH512890
2022-06-20,SH603269
2022-06-20,SZ300535
2022-06-20,SH603709
2022-06-20,SZ002890
2022-06-27,SH600137
2022-06-27,SH600539
2022-06-27,SZ300717
2022-06-27,SZ300321
2022-06-27,SZ300478
2022-06-27,SH512890
2022-06-27,SH603709
2022-06-27,SH603269
2022-06-27,SZ300716
2022-06-27,SZ002899
2022-07-04,SZ002862
2022-07-04,SH600137
2022-07-04,SZ300717
2022-07-04,SZ300321
2022-07-04,SZ300478
2022-07-04,SH512890
2022-07-04,SZ300535
2022-07-04,SH603709
2022-07-04,SH603269
2022-07-04,SH603729
2022-07-11,SH603725
2022-07-11,SH600137
2022-07-11,SZ002856
2022-07-11,SZ300717
2022-07-11,SH603029
2022-07-11,SH512890
2022-07-11,SZ300535
2022-07-11,SH603709
2022-07-11,SH603269
2022-07-11,SH603729
2022-07-18,SH600137
2022-07-18,SZ300717
2022-07-18,SZ300478
2022-07-18,SH512890
2022-07-18,SZ300535
2022-07-18,SH603709
2022-07-18,SH603269
2022-07-18,SH603729
2022-07-18,SZ002899
2022-07-18,SH600455
2022-07-25,SH600137
2022-07-25,SH603029
2022-07-25,SZ300478
2022-07-25,SH512890
2022-07-25,SZ300535
2022-07-25,SH603709
2022-07-25,SH603269
2022-07-25,SZ300716
2022-07-25,SZ002899
2022-07-25,SH600455
2022-08-01,SH600137
2022-08-01,SZ300717
2022-08-01,SH603029
2022-08-01,SZ300478
2022-08-01,SH512890
2022-08-01,SZ300535
2022-08-01,SH603709
2022-08-01,SH603269
2022-08-01,SZ002899
2022-08-01,SH600455
2022-08-08,SH600137
2022-08-08,SZ300717
2022-08-08,SH603813
2022-08-08,SH603029
2022-08-08,SZ300478
2022-08-08,SH512890
2022-08-08,SZ300535
2022-08-08,SH603709
2022-08-08,SH603269
2022-08-08,SH600455
2022-08-15,SH603725
2022-08-15,SH600137
2022-08-15,SZ300717
2022-08-15,SZ300321
2022-08-15,SH603813
2022-08-15,SZ300478
2022-08-15,SH512890
2022-08-15,SH603709
2022-08-15,SH603269
2022-08-15,SH600455
2022-08-22,SH603725
2022-08-22,SH600137
2022-08-22,SZ300717
2022-08-22,SZ300321
2022-08-22,SH603813
2022-08-22,SH512890
2022-08-22,SH603709
2022-08-22,SH600493
2022-08-22,SH603269
2022-08-22,SZ002899
2022-08-29,SH600137
2022-08-29,SZ300417
2022-08-29,SZ300717
2022-08-29,SZ300321
2022-08-29,SH603813
2022-08-29,SH512890
2022-08-29,SZ300535
2022-08-29,SH603709
2022-08-29,SZ002899
2022-08-29,SH603580
2022-09-05,SH600137
2022-09-05,SH603813
2022-09-05,SZ300321
2022-09-05,SZ300478
2022-09-05,SH512890
2022-09-05,SH603709
2022-09-05,SZ300716
2022-09-05,SZ002899
2022-09-05,SH603580
2022-09-05,SH600455
2022-09-13,SH600137
2022-09-13,SZ300899
2022-09-13,SZ300321
2022-09-13,SH603029
2022-09-13,SZ300478
2022-09-13,SH512890
2022-09-13,SZ300716
2022-09-13,SZ002899
2022-09-13,SH603580
2022-09-13,SH600455
2022-09-26,SZ300899
2022-09-26,SZ300836
2022-09-26,SZ300321
2022-09-26,SH603029
2022-09-26,SZ300478
2022-09-26,SH512890
2022-09-26,SZ300716
2022-09-26,SZ002899
2022-09-26,SH603580
2022-09-26,SH600455
2022-10-10,SH600137
2022-10-10,SZ300899
2022-10-10,SZ300717
2022-10-10,SZ300626
2022-10-10,SH603029
2022-10-10,SZ300478
2022-10-10,SH512890
2022-10-10,SZ300535
2022-10-10,SZ300836
2022-10-10,SH600455
2022-10-17,SZ300899
2022-10-17,SZ300717
2022-10-17,SZ300321
2022-10-17,SZ300626
2022-10-17,SZ300478
2022-10-17,SH512890
2022-10-17,SZ300535
2022-10-17,SH600493
2022-10-17,SZ300836
2022-10-17,SH600455
2022-10-24,SZ300899
2022-10-24,SH603316
2022-10-24,SZ300321
2022-10-24,SZ300478
2022-10-24,SH512890
2022-10-24,SZ300535
2022-10-24,SH603709
2022-10-24,SH600493
2022-10-24,SZ300836
2022-10-24,SH600455
2022-10-31,SH603725
2022-10-31,SH600137
2022-10-31,SZ300899
2022-10-31,SH603316
2022-10-31,SZ300321
2022-10-31,SH512890
2022-10-31,SZ300535
2022-10-31,SH603709
2022-10-31,SH600493
2022-10-31,SZ300836
2022-11-07,SH603725
2022-11-07,SH600137
2022-11-07,SH603316
2022-11-07,SZ300717
2022-11-07,SZ300321
2022-11-07,SZ300626
2022-11-07,SH512890
2022-11-07,SZ300535
2022-11-07,SH600493
2022-11-07,SH603580
2022-11-14,SH603725
2022-11-14,SH600137
2022-11-14,SH600768
2022-11-14,SH603316
2022-11-14,SZ300717
2022-11-14,SZ300321
2022-11-14,SH512890
2022-11-14,SZ300535
2022-11-14,SH600493
2022-11-14,SZ300836
2022-11-21,SH603725
2022-11-21,SH600137
2022-11-21,SH603316
2022-11-21,SZ300717
2022-11-21,SZ300321
2022-11-21,SZ300626
2022-11-21,SH512890
2022-11-21,SZ300535
2022-11-21,SH600493
2022-11-21,SH603269
2022-11-28,SZ000691
2022-11-28,SH600137
2022-11-28,SH600768
2022-11-28,SZ300417
2022-11-28,SH603316
2022-11-28,SH600539
2022-11-28,SZ300321
2022-11-28,SH512890
2022-11-28,SZ300535
2022-11-28,SH603269
2022-12-05,SH603725
2022-12-05,SZ000691
2022-12-05,SH600768
2022-12-05,SZ300899
2022-12-05,SH600539
2022-12-05,SZ300321
2022-12-05,SZ300626
2022-12-05,SH512890
2022-12-05,SZ300535
2022-12-05,SH603269
2022-12-12,SH603725
2022-12-12,SZ300789
2022-12-12,SZ000691
2022-12-12,SZ300163
2022-12-12,SZ300899
2022-12-12,SH600768
2022-12-12,SH603316
2022-12-12,SZ300321
2022-12-12,SH512890
2022-12-12,SH603269
2022-12-19,SH603725
2022-12-19,SZ300789
2022-12-19,SZ000691
2022-12-19,SZ300163
2022-12-19,SZ300899
2022-12-19,SZ300417
2022-12-19,SH600768
2022-12-19,SZ300321
2022-12-19,SZ300521
2022-12-19,SH512890
2022-12-26,SH603725
2022-12-26,SZ300789
2022-12-26,SZ300163
2022-12-26,SZ300899
2022-12-26,SZ300417
2022-12-26,SZ301070
2022-12-26,SZ300321
2022-12-26,SZ300521
2022-12-26,SH512890
2022-12-26,SZ300836
2023-01-03,SH603725
2023-01-03,SZ300789
2023-01-03,SZ300163
2023-01-03,SZ300899
2023-01-03,SZ300417
2023-01-03,SZ300321
2023-01-03,SZ300521
2023-01-03,SZ300626
2023-01-03,SH512890
2023-01-03,SZ300836
2023-01-09,SH603725
2023-01-09,SZ300789
2023-01-09,SZ300163
2023-01-09,SZ300899
2023-01-09,SZ300417
2023-01-09,SZ300836
2023-01-09,SZ300321
2023-01-09,SH512890
2023-01-09,SZ300929
2023-01-09,SZ002899
2023-01-16,SH603725
2023-01-16,SZ300789
2023-01-16,SZ300163
2023-01-16,SZ300899
2023-01-16,SZ300417
2023-01-16,SZ300836
2023-01-16,SH600768
2023-01-16,SH512890
2023-01-16,SZ300929
2023-01-16,SZ002899
2023-01-30,SH603725
2023-01-30,SZ300163
2023-01-30,SZ300899
2023-01-30,SH600768
2023-01-30,SZ300836
2023-01-30,SZ300626
2023-01-30,SH512890
2023-01-30,SZ300929
2023-01-30,SH603269
2023-01-30,SZ002899
2023-02-06,SH603725
2023-02-06,SZ300163
2023-02-06,SZ300899
2023-02-06,SZ300417
2023-02-06,SZ300626
2023-02-06,SH512890
2023-02-06,SZ300823
2023-02-06,SZ300535
2023-02-06,SZ300929
2023-02-06,SH603269
2023-02-13,SH603725
2023-02-13,SZ300163
2023-02-13,SZ300899
2023-02-13,SZ300417
2023-02-13,SZ001211
2023-02-13,SH512890
2023-02-13,SZ300823
2023-02-13,SZ300929
2023-02-13,SH600493
2023-02-13,SH603269
2023-02-20,SH603725
2023-02-20,SZ300163
2023-02-20,SZ300899
2023-02-20,SZ300417
2023-02-20,SH600539
2023-02-20,SZ300321
2023-02-20,SZ300626
2023-02-20,SH512890
2023-02-20,SZ300929
2023-02-20,SH603269
2023-02-27,SH603725
2023-02-27,SZ300163
2023-02-27,SZ300899
2023-02-27,SH600539
2023-02-27,SZ300321
2023-02-27,SZ300626
2023-02-27,SH512890
2023-02-27,SZ300535
2023-02-27,SZ300929
2023-02-27,SH600455
2023-03-06,SH603725
2023-03-06,SZ000691
2023-03-06,SZ300163
2023-03-06,SZ300899
2023-03-06,SH600539
2023-03-06,SZ300717
2023-03-06,SZ300321
2023-03-06,SZ300626
2023-03-06,SH512890
2023-03-06,SZ300929
2023-03-13,SH603725
2023-03-13,SZ000691
2023-03-13,SZ300163
2023-03-13,SH600768
2023-03-13,SZ001211
2023-03-13,SH600539
2023-03-13,SZ300321
2023-03-13,SZ300626
2023-03-13,SH512890
2023-03-13,SZ300929
2023-03-20,SH603725
2023-03-20,SZ000691
2023-03-20,SZ300163
2023-03-20,SH600539
2023-03-20,SZ300717
2023-03-20,SZ300321
2023-03-20,SZ300626
2023-03-20,SH512890
2023-03-20,SZ300929
2023-03-20,SH600493
2023-03-27,SZ300069
2023-03-27,SH603725
2023-03-27,SZ000691
2023-03-27,SH600137
2023-03-27,SZ300163
2023-03-27,SH603813
2023-03-27,SZ300321
2023-03-27,SH512890
2023-03-27,SZ300854
2023-03-27,SZ300929
2023-04-03,SH603725
2023-04-03,SZ000691
2023-04-03,SH600137
2023-04-03,SZ300163
2023-04-03,SZ001211
2023-04-03,SZ300717
2023-04-03,SZ300321
2023-04-03,SH512890
2023-04-03,SZ300929
2023-04-03,SH600493
2023-04-10,SH603725
2023-04-10,SZ000691
2023-04-10,SH600137
2023-04-10,SZ300899
2023-04-10,SZ300417
2023-04-10,SZ300717
2023-04-10,SZ300321
2023-04-10,SH512890
2023-04-10,SZ300929
2023-04-10,SH600493
2023-04-17,SZ300069
2023-04-17,SH603725
2023-04-17,SZ300163
2023-04-17,SZ300899
2023-04-17,SZ300417
2023-04-17,SZ300717
2023-04-17,SZ300321
2023-04-17,SH512890
2023-04-17,SZ300535
2023-04-17,SH600493
2023-04-24,SZ300069
2023-04-24,SH603725
2023-04-24,SZ000691
2023-04-24,SZ300163
2023-04-24,SH603316
2023-04-24,SZ300717
2023-04-24,SZ300321
2023-04-24,SH603813
2023-04-24,SH512890
2023-04-24,SZ300929
2023-05-04,SH603286
2023-05-04,SH600137
2023-05-04,SZ300899
2023-05-04,SZ001211
2023-05-04,SZ300717
2023-05-04,SZ300626
2023-05-04,SH512890
2023-05-04,SZ300854
2023-05-04,SZ300535
2023-05-04,SZ300929
2023-05-08,SH603286
2023-05-08,SH600137
2023-05-08,SZ001211
2023-05-08,SZ300717
2023-05-08,SZ300626
2023-05-08,SH512890
2023-05-08,SZ300854
2023-05-08,SZ300929
2023-05-08,SZ002899
2023-05-08,SH600455
2023-05-15,SH603286
2023-05-15,SH600137
2023-05-15,SZ300665
2023-05-15,SZ001211
2023-05-15,SZ300717
2023-05-15,SZ300626
2023-05-15,SH512890
2023-05-15,SZ300854
2023-05-15,SZ300535
2023-05-15,SZ300929
2023-05-22,SH603286
2023-05-22,SH600137
2023-05-22,SH603139
2023-05-22,SZ300665
2023-05-22,SZ001211
2023-05-22,SZ300626
2023-05-22,SH512890
2023-05-22,SZ300854
2023-05-22,SZ300535
2023-05-22,SZ300929
2023-05-29,SH600768
2023-05-29,SZ001211
2023-05-29,SZ300717
2023-05-29,SZ002295
2023-05-29,SZ300626
2023-05-29,SH512890
2023-05-29,SZ300854
2023-05-29,SZ300535
2023-05-29,SZ300995
2023-05-29,SZ300929
2023-06-12,SH603139
2023-06-12,SZ300899
2023-06-12,SH600768
2023-06-12,SZ001211
2023-06-12,SZ002295
2023-06-12,SH512890
2023-06-12,SZ300854
2023-06-12,SZ300535
2023-06-12,SZ300995
2023-06-12,SZ300929
2023-06-19,SH603139
2023-06-19,SZ300899
2023-06-19,SZ300665
2023-06-19,SH600768
2023-06-19,SZ001211
2023-06-19,SZ300717
2023-06-19,SH512890
2023-06-19,SZ300854
2023-06-19,SZ300535
2023-06-19,SZ300929
2023-06-26,SH603139
2023-06-26,SZ300899
2023-06-26,SZ300665
2023-06-26,SH600768
2023-06-26,SZ001211
2023-06-26,SZ300106
2023-06-26,SZ002295
2023-06-26,SH512890
2023-06-26,SZ300854
2023-06-26,SZ300929
2023-07-03,SZ300886
2023-07-03,SH603139
2023-07-03,SH600768
2023-07-03,SZ300665
2023-07-03,SZ001211
2023-07-03,SZ300106
2023-07-03,SZ002295
2023-07-03,SH512890
2023-07-03,SZ300854
2023-07-03,SZ300929
2023-07-10,SZ300886
2023-07-10,SH603139
2023-07-10,SH600768
2023-07-10,SZ300665
2023-07-10,SZ001211
2023-07-10,SZ300106
2023-07-10,SH512890
2023-07-10,SZ300854
2023-07-10,SZ300929
2023-07-10,SH600455
2023-07-17,SH600768
2023-07-17,SZ300665
2023-07-17,SZ001211
2023-07-17,SZ300106
2023-07-17,SZ002295
2023-07-17,SH512890
2023-07-17,SZ300854
2023-07-17,SZ300535
2023-07-17,SZ300929
2023-07-17,SH600455
2023-07-24,SZ300736
2023-07-24,SZ300899
2023-07-24,SZ300665
2023-07-24,SH603139
2023-07-24,SZ001211
2023-07-24,SH600768
2023-07-24,SH512890
2023-07-24,SZ300535
2023-07-24,SZ300929
2023-07-24,SH600455
2023-07-31,SH603139
2023-07-31,SH600768
2023-07-31,SZ001211
2023-07-31,SZ300717
2023-07-31,SZ300535
2023-07-31,SH512890
2023-07-31,SH603709
2023-07-31,SZ300929
2023-07-31,SH603729
2023-07-31,SH600455
2023-08-07,SH603139
2023-08-07,SH600768
2023-08-07,SZ001211
2023-08-07,SZ300717
2023-08-07,SZ300626
2023-08-07,SZ300535
2023-08-07,SH512890
2023-08-07,SH603709
2023-08-07,SZ300929
2023-08-07,SH600455
2023-08-14,SH600768
2023-08-14,SZ001211
2023-08-14,SZ300717
2023-08-14,SZ002295
2023-08-14,SZ300626
2023-08-14,SH512890
2023-08-14,SZ300535
2023-08-14,SH603709
2023-08-14,SZ300929
2023-08-14,SH600455
2023-08-21,SH600768
2023-08-21,SZ001211
2023-08-21,SH605081
2023-08-21,SZ002295
2023-08-21,SZ300626
2023-08-21,SH512890
2023-08-21,SZ300535
2023-08-21,SH603709
2023-08-21,SZ300929
2023-08-21,SH600455
2023-08-28,SZ002890
2023-08-28,SH603286
2023-08-28,SH600768
2023-08-28,SZ300717
2023-08-28,SZ002295
2023-08-28,SZ300626
2023-08-28,SH512890
2023-08-28,SZ300535
2023-08-28,SH603709
2023-08-28,SZ300329
2023-09-04,SH600768
2023-09-04,SZ002856
2023-09-04,SZ300717
2023-09-04,SZ300626
2023-09-04,SH512890
2023-09-04,SH603709
2023-09-04,SH600493
2023-09-04,SZ300329
2023-09-04,SH603729
2023-09-04,SH600455
2023-09-11,SZ002828
2023-09-11,SH600137
2023-09-11,SH600768
2023-09-11,SZ300665
2023-09-11,SZ002856
2023-09-11,SZ300717
2023-09-11,SZ300626
2023-09-11,SH512890
2023-09-11,SH600493
2023-09-11,SH600455
2023-09-18,SH603286
2023-09-18,SH600137
2023-09-18,SH600768
2023-09-18,SZ300665
2023-09-18,SZ002856
2023-09-18,SZ300717
2023-09-18,SZ300626
2023-09-18,SH512890
2023-09-18,SH600493
2023-09-18,SH600455
2023-09-25,SH600137
2023-09-25,SH600768
2023-09-25,SZ300899
2023-09-25,SZ300665
2023-09-25,SZ002856
2023-09-25,SZ300717
2023-09-25,SH512890
2023-09-25,SZ300929
2023-09-25,SH600493
2023-09-25,SH600455
2023-10-09,SH600768
2023-10-09,SZ300899
2023-10-09,SZ002856
2023-10-09,SZ300717
2023-10-09,SH603272
2023-10-09,SH512890
2023-10-09,SZ300929
2023-10-09,SH600493
2023-10-09,SZ300329
2023-10-09,SH600455
2023-10-16,SH600768
2023-10-16,SZ300899
2023-10-16,SZ002856
2023-10-16,SZ300717
2023-10-16,SZ300635
2023-10-16,SH512890
2023-10-16,SZ300854
2023-10-16,SZ300929
2023-10-16,SH603580
2023-10-16,SH600455
2023-10-23,SH600768
2023-10-23,SZ002856
2023-10-23,SZ300717
2023-10-23,SH603860
2023-10-23,SZ300635
2023-10-23,SZ300535
2023-10-23,SH512890
2023-10-23,SZ300854
2023-10-23,SZ300929
2023-10-23,SH600455
2023-10-30,SH600768
2023-10-30,SZ002856
2023-10-30,SZ300626
2023-10-30,SH603860
2023-10-30,SZ300635
2023-10-30,SH512890
2023-10-30,SZ300854
2023-10-30,SZ300929
2023-10-30,SZ300329
2023-10-30,SH603729
2023-11-06,SZ301336
2023-11-06,SH600768
2023-11-06,SH603860
2023-11-06,SH603272
2023-11-06,SZ300635
2023-11-06,SH512890
2023-11-06,SZ300854
2023-11-06,SZ300929
2023-11-06,SZ300329
2023-11-06,SH600455
2023-11-13,SZ000929
2023-11-13,SZ301336
2023-11-13,SH600768
2023-11-13,SH603860
2023-11-13,SH603272
2023-11-13,SZ300635
2023-11-13,SH512890
2023-11-13,SZ300854
2023-11-13,SZ300929
2023-11-13,SZ300329
2023-11-20,SZ000929
2023-11-20,SZ301098
2023-11-20,SZ301336
2023-11-20,SH600768
2023-11-20,SH603272
2023-11-20,SZ300635
2023-11-20,SH512890
2023-11-20,SZ300854
2023-11-20,SZ300929
2023-11-20,SZ300329
2023-11-27,SZ301098
2023-11-27,SZ301336
2023-11-27,SH600768
2023-11-27,SZ300899
2023-11-27,SH603272
2023-11-27,SZ300635
2023-11-27,SH512890
2023-11-27,SZ300854
2023-11-27,SZ300929
2023-11-27,SZ300329
2023-12-04,SZ301098
2023-12-04,SH600768
2023-12-04,SZ300899
2023-12-04,SZ300717
2023-12-04,SH603272
2023-12-04,SZ300635
2023-12-04,SH512890
2023-12-04,SZ300854
2023-12-04,SZ300929
2023-12-04,SZ300329
2023-12-11,SZ301098
2023-12-11,SZ301336
2023-12-11,SH600768
2023-12-11,SZ300899
2023-12-11,SZ300717
2023-12-11,SH512890
2023-12-11,SZ300854
2023-12-11,SZ300995
2023-12-11,SZ300929
2023-12-11,SZ300329
2023-12-18,SZ301098
2023-12-18,SZ301336
2023-12-18,SZ301040
2023-12-18,SZ300899
2023-12-18,SH600768
2023-12-18,SZ300717
2023-12-18,SH512890
2023-12-18,SZ300854
2023-12-18,SZ300995
2023-12-18,SZ300929
2023-12-25,SZ301336
2023-12-25,SZ301040
2023-12-25,SZ300899
2023-12-25,SH600768
2023-12-25,SZ300717
2023-12-25,SZ300535
2023-12-25,SH512890
2023-12-25,SZ300854
2023-12-25,SZ300995
2023-12-25,SZ300929
2024-01-02,SZ301098
2024-01-02,SZ301336
2024-01-02,SH600768
2024-01-02,SZ300899
2024-01-02,SZ300717
2024-01-02,SH512890
2024-01-02,SZ300854
2024-01-02,SZ300535
2024-01-02,SZ300995
2024-01-02,SZ300929
2024-01-08,SZ301336
2024-01-08,SZ301040
2024-01-08,SZ300899
2024-01-08,SZ300717
2024-01-08,SH603272
2024-01-08,SH512890
2024-01-08,SZ300854
2024-01-08,SZ300995
2024-01-08,SZ300929
2024-01-08,SZ300836
2024-01-15,SH600137
2024-01-15,SZ301336
2024-01-15,SZ301040
2024-01-15,SZ300899
2024-01-15,SZ300717
2024-01-15,SH603272
2024-01-15,SZ300635
2024-01-15,SH512890
2024-01-15,SZ300854
2024-01-15,SZ300929
2024-01-22,SZ300923
2024-01-22,SH600137
2024-01-22,SZ301336
2024-01-22,SZ300899
2024-01-22,SZ300717
2024-01-22,SH603272
2024-01-22,SZ300635
2024-01-22,SH512890
2024-01-22,SZ300929
2024-01-22,SZ301079
2024-01-29,SZ300923
2024-01-29,SH600137
2024-01-29,SZ301336
2024-01-29,SZ301040
2024-01-29,SZ300717
2024-01-29,SH603272
2024-01-29,SH512890
2024-01-29,SZ300929
2024-01-29,SZ300329
2024-01-29,SZ300836
2024-02-05,SH600137
2024-02-05,SZ301336
2024-02-05,SZ301040
2024-02-05,SZ300717
2024-02-05,SH603272
2024-02-05,SZ300535
2024-02-05,SH512890
2024-02-05,SZ300929
2024-02-05,SZ300836
2024-02-05,SH600455
2024-02-19,SZ301040
2024-02-19,SH600768
2024-02-19,SZ301105
2024-02-19,SH603272
2024-02-19,SH512890
2024-02-19,SH603709
2024-02-19,SZ300929
2024-02-19,SZ300329
2024-02-19,SZ300836
2024-02-19,SH600455
2024-02-26,SH600137
2024-02-26,SZ301040
2024-02-26,SH603139
2024-02-26,SH600768
2024-02-26,SH603272
2024-02-26,SZ300535
2024-02-26,SH512890
2024-02-26,SH603709
2024-02-26,SH603580
2024-02-26,SH600455
2024-03-04,SH600137
2024-03-04,SZ301336
2024-03-04,SZ301040
2024-03-04,SH600768
2024-03-04,SH512890
2024-03-04,SZ300535
2024-03-04,SH603709
2024-03-04,SZ000929
2024-03-04,SH603580
2024-03-04,SH600455
2024-03-11,SH600137
2024-03-11,SZ301336
2024-03-11,SH603139
2024-03-11,SH600768
2024-03-11,SH512890
2024-03-11,SZ300535
2024-03-11,SH603709
2024-03-11,SZ300929
2024-03-11,SZ000929
2024-03-11,SH600455
2024-03-18,SZ301098
2024-03-18,SH600137
2024-03-18,SZ301336
2024-03-18,SH600768
2024-03-18,SZ300717
2024-03-18,SZ301105
2024-03-18,SH512890
2024-03-18,SZ300535
2024-03-18,SZ300929
2024-03-18,SH600455
2024-03-25,SZ301098
2024-03-25,SH600137
2024-03-25,SZ301336
2024-03-25,SH600768
2024-03-25,SZ300749
2024-03-25,SH603272
2024-03-25,SZ300635
2024-03-25,SH512890
2024-03-25,SH603709
2024-03-25,SH600455
2024-04-01,SZ301098
2024-04-01,SH600137
2024-04-01,SZ301336
2024-04-01,SH600768
2024-04-01,SZ300717
2024-04-01,SZ301105
2024-04-01,SZ300635
2024-04-01,SH512890
2024-04-01,SZ300535
2024-04-01,SZ300929
2024-04-08,SZ301098
2024-04-08,SH600137
2024-04-08,SZ300717
2024-04-08,SZ301105
2024-04-08,SH603272
2024-04-08,SZ300635
2024-04-08,SH512890
2024-04-08,SZ300535
2024-04-08,SZ300929
2024-04-08,SZ300329
2024-04-15,SZ002188
2024-04-15,SZ301098
2024-04-15,SH600137
2024-04-15,SZ300665
2024-04-15,SZ301105
2024-04-15,SZ300635
2024-04-15,SH512890
2024-04-15,SZ300929
2024-04-15,SZ300329
2024-04-15,SH600455
2024-04-22,SZ301098
2024-04-22,SH600137
2024-04-22,SZ301336
2024-04-22,SZ301105
2024-04-22,SH603272
2024-04-22,SZ300635
2024-04-22,SZ300478
2024-04-22,SH512890
2024-04-22,SZ301273
2024-04-22,SH600455
2024-04-29,SZ002188
2024-04-29,SZ002072
2024-04-29,SZ301098
2024-04-29,SH600137
2024-04-29,SZ301336
2024-04-29,SH603139
2024-04-29,SH603272
2024-04-29,SH512890
2024-04-29,SH603709
2024-04-29,SH600455
2024-05-06,SZ002188
2024-05-06,SH600778
2024-05-06,SZ301098
2024-05-06,SH600137
2024-05-06,SZ002856
2024-05-06,SZ002633
2024-05-06,SZ001211
2024-05-06,SH605081
2024-05-06,SH512890
2024-05-06,SH603709
2024-05-13,SH600778
2024-05-13,SZ301098
2024-05-13,SH600137
2024-05-13,SZ301336
2024-05-13,SZ002856
2024-05-13,SZ001211
2024-05-13,SH605081
2024-05-13,SH512890
2024-05-13,SH603709
2024-05-13,SH600493
2024-05-20,SH600778
2024-05-20,SZ002072
2024-05-20,SZ301098
2024-05-20,SH600137
2024-05-20,SZ301336
2024-05-20,SZ002856
2024-05-20,SZ001211
2024-05-20,SH605081
2024-05-20,SH512890
2024-05-20,SZ301079
2024-05-27,SZ300923
2024-05-27,SH600778
2024-05-27,SZ301098
2024-05-27,SH600137
2024-05-27,SZ001211
2024-05-27,SZ301105
2024-05-27,SH512890
2024-05-27,SZ300535
2024-05-27,SH600493
2024-05-27,SZ301079
2024-06-03,SZ300923
2024-06-03,SH600778
2024-06-03,SZ002494
2024-06-03,SH600137
2024-06-03,SZ301336
2024-06-03,SZ300899
2024-06-03,SZ001211
2024-06-03,SZ301105
2024-06-03,SH512890
2024-06-03,SH600493
2024-06-11,SZ002316
2024-06-11,SH600778
2024-06-11,SZ301098
2024-06-11,SH600137
2024-06-11,SZ301336
2024-06-11,SZ300899
2024-06-11,SZ001211
2024-06-11,SH603716
2024-06-11,SZ300635
2024-06-11,SH512890
2024-06-17,SH600778
2024-06-17,SZ301098
2024-06-17,SH600137
2024-06-17,SZ301336
2024-06-17,SZ300899
2024-06-17,SZ001211
2024-06-17,SH603716
2024-06-17,SZ301105
2024-06-17,SZ300635
2024-06-17,SH512890
2024-06-24,SH600778
2024-06-24,SZ301098
2024-06-24,SH600137
2024-06-24,SZ301336
2024-06-24,SZ300899
2024-06-24,SZ001211
2024-06-24,SH600448
2024-06-24,SH603716
2024-06-24,SZ300635
2024-06-24,SH512890
2024-07-01,SH600778
2024-07-01,SZ301098
2024-07-01,SH600137
2024-07-01,SZ301336
2024-07-01,SZ300899
2024-07-01,SZ001211
2024-07-01,SH603716
2024-07-01,SZ300635
2024-07-01,SH512890
2024-07-01,SH600149
2024-07-08,SH603955
2024-07-08,SZ301098
2024-07-08,SH600137
2024-07-08,SZ301336
2024-07-08,SZ300899
2024-07-08,SZ001211
2024-07-08,SZ301105
2024-07-08,SZ300635
2024-07-08,SH512890
2024-07-08,SH603709
2024-07-15,SH603955
2024-07-15,SZ301098
2024-07-15,SH600137
2024-07-15,SZ301336
2024-07-15,SZ300640
2024-07-15,SZ300899
2024-07-15,SZ001211
2024-07-15,SH512890
2024-07-15,SH603709
2024-07-15,SH600493
2024-07-22,SH603955
2024-07-22,SZ301098
2024-07-22,SH600137
2024-07-22,SZ300640
2024-07-22,SZ002633
2024-07-22,SZ001211
2024-07-22,SZ300635
2024-07-22,SH512890
2024-07-22,SH603709
2024-07-22,SH600493
2024-07-29,SZ002188
2024-07-29,SH603955
2024-07-29,SZ301098
2024-07-29,SH600137
2024-07-29,SH603139
2024-07-29,SZ300640
2024-07-29,SZ001211
2024-07-29,SH512890
2024-07-29,SH603709
2024-07-29,SH600493
2024-08-05,SZ002188
2024-08-05,SH600778
2024-08-05,SZ301098
2024-08-05,SH600137
2024-08-05,SZ301336
2024-08-05,SZ300640
2024-08-05,SZ001211
2024-08-05,SH512890
2024-08-05,SH603709
2024-08-05,SH600493
2024-08-12,SZ002494
2024-08-12,SZ301098
2024-08-12,SH600137
2024-08-12,SZ301336
2024-08-12,SZ300640
2024-08-12,SZ001211
2024-08-12,SZ301105
2024-08-12,SH512890
2024-08-12,SH600493
2024-08-12,SZ301010
2024-08-19,SZ002494
2024-08-19,SZ301098
2024-08-19,SH600137
2024-08-19,SZ301336
2024-08-19,SZ000632
2024-08-19,SZ001211
2024-08-19,SH512890
2024-08-19,SZ300535
2024-08-19,SH603709
2024-08-19,SH600493
2024-08-26,SZ002494
2024-08-26,SZ301098
2024-08-26,SH600137
2024-08-26,SZ301336
2024-08-26,SH603880
2024-08-26,SZ001211
2024-08-26,SH512890
2024-08-26,SZ300535
2024-08-26,SH603709
2024-08-26,SH600493
2024-09-02,SZ002494
2024-09-02,SZ301098
2024-09-02,SH600137
2024-09-02,SZ301336
2024-09-02,SZ300948
2024-09-02,SZ001211
2024-09-02,SH512890
2024-09-02,SZ300995
2024-09-02,SH603709
2024-09-02,SH603880
2024-09-09,SZ301098
2024-09-09,SH600137
2024-09-09,SZ301336
2024-09-09,SZ001211
2024-09-09,SH512890
2024-09-09,SZ000638
2024-09-09,SZ300995
2024-09-09,SH603709
2024-09-09,SH603880
2024-09-09,SH600455
2024-09-18,SZ301098
2024-09-18,SH600137
2024-09-18,SZ301336
2024-09-18,SZ001211
2024-09-18,SH512890
2024-09-18,SZ300854
2024-09-18,SZ000638
2024-09-18,SH603709
2024-09-18,SH600493
2024-09-18,SZ300995
2024-09-23,SZ301098
2024-09-23,SH600137
2024-09-23,SZ301336
2024-09-23,SZ001211
2024-09-23,SZ301105
2024-09-23,SH512890
2024-09-23,SZ300854
2024-09-23,SZ300995
2024-09-23,SH603709
2024-09-23,SH600493
2024-09-30,SZ301098
2024-09-30,SH600137
2024-09-30,SZ301336
2024-09-30,SZ300899
2024-09-30,SZ001211
2024-09-30,SH512890
2024-09-30,SZ300535
2024-09-30,SZ300995
2024-09-30,SH603709
2024-09-30,SH600493
2024-10-14,SZ002188
2024-10-14,SH603955
2024-10-14,SZ002494
2024-10-14,SH603880
2024-10-14,SH600137
2024-10-14,SZ001211
2024-10-14,SH512890
2024-10-14,SH603709
2024-10-14,SH600493
2024-10-14,SH600455
2024-10-21,SZ002494
2024-10-21,SH603880
2024-10-21,SH600137
2024-10-21,SH603022
2024-10-21,SH600561
2024-10-21,SZ001211
2024-10-21,SZ001336
2024-10-21,SH512890
2024-10-21,SH603709
2024-10-21,SH600493
2024-10-28,SZ002188
2024-10-28,SZ002494
2024-10-28,SH603880
2024-10-28,SH600137
2024-10-28,SH603022
2024-10-28,SZ001211
2024-10-28,SH512890
2024-10-28,SZ000638
2024-10-28,SH603709
2024-10-28,SH600493
2024-11-04,SZ002188
2024-11-04,SZ002494
2024-11-04,SH600137
2024-11-04,SH603709
2024-11-04,SZ301105
2024-11-04,SZ001336
2024-11-04,SH512890
2024-11-04,SZ300955
2024-11-04,SH600493
2024-11-04,SH603729
2024-11-11,SZ002188
2024-11-11,SZ002494
2024-11-11,SH600137
2024-11-11,SH603022
2024-11-11,SZ301105
2024-11-11,SZ001336
2024-11-11,SH512890
2024-11-11,SZ300854
2024-11-11,SH603709
2024-11-11,SH600493
2024-11-18,SZ002188
2024-11-18,SH600137
2024-11-18,SZ301336
2024-11-18,SH603022
2024-11-18,SZ301105
2024-11-18,SZ301167
2024-11-18,SZ001336
2024-11-18,SH512890
2024-11-18,SH603709
2024-11-18,SH600493
2024-11-25,SZ002188
2024-11-25,SZ002494
2024-11-25,SH600137
2024-11-25,SZ301336
2024-11-25,SZ301105
2024-11-25,SZ001336
2024-11-25,SH512890
2024-11-25,SZ300854
2024-11-25,SZ300535
2024-11-25,SH600493
2024-12-02,SZ002188
2024-12-02,SH600137
2024-12-02,SH603022
2024-12-02,SZ301167
2024-12-02,SH512890
2024-12-02,SZ300854
2024-12-02,SZ300995
2024-12-02,SH603709
2024-12-02,SH600493
2024-12-02,SH600455
2024-12-09,SZ002188
2024-12-09,SZ301098
2024-12-09,SZ300717
2024-12-09,SZ301167
2024-12-09,SH512890
2024-12-09,SZ300854
2024-12-09,SZ300995
2024-12-09,SH600493
2024-12-09,SZ301010
2024-12-09,SH600455
2024-12-16,SZ301098
2024-12-16,SH600137
2024-12-16,SZ300886
2024-12-16,SZ300717
2024-12-16,SZ301105
2024-12-16,SZ301167
2024-12-16,SH512890
2024-12-16,SZ300854
2024-12-16,SH600493
2024-12-16,SZ301057
2024-12-23,SZ301098
2024-12-23,SZ300886
2024-12-23,SH603022
2024-12-23,SZ300899
2024-12-23,SZ300717
2024-12-23,SZ301105
2024-12-23,SZ301167
2024-12-23,SH512890
2024-12-23,SH600493
2024-12-23,SZ301057
2024-12-30,SZ301098
2024-12-30,SZ300886
2024-12-30,SH603022
2024-12-30,SZ300899
2024-12-30,SZ300717
2024-12-30,SZ301167
2024-12-30,SH512890
2024-12-30,SZ300535
2024-12-30,SH600493
2024-12-30,SZ301057
2025-01-06,SZ300886
2025-01-06,SZ300899
2025-01-06,SZ300717
2025-01-06,SZ301105
2025-01-06,SZ301167
2025-01-06,SH512890
2025-01-06,SZ300854
2025-01-06,SZ300535
2025-01-06,SZ300995
2025-01-06,SH600493
2025-01-13,SZ301098
2025-01-13,SZ300886
2025-01-13,SZ300899
2025-01-13,SZ301105
2025-01-13,SZ301167
2025-01-13,SZ300635
2025-01-13,SH512890
2025-01-13,SZ300535
2025-01-13,SZ300995
2025-01-13,SH600493
2025-01-20,SZ301098
2025-01-20,SZ300886
2025-01-20,SZ300899
2025-01-20,SZ300717
2025-01-20,SZ300635
2025-01-20,SZ001336
2025-01-20,SH512890
2025-01-20,SZ300535
2025-01-20,SH600493
2025-01-20,SH600455
2025-01-27,SZ301098
2025-01-27,SZ300886
2025-01-27,SZ300899
2025-01-27,SZ300635
2025-01-27,SZ001336
2025-01-27,SH512890
2025-01-27,SZ300535
2025-01-27,SZ300995
2025-01-27,SH600493
2025-01-27,SH600455
2025-02-10,SZ301098
2025-02-10,SZ300886
2025-02-10,SZ300899
2025-02-10,SZ301105
2025-02-10,SZ300635
2025-02-10,SZ001336
2025-02-10,SH512890
2025-02-10,SZ300535
2025-02-10,SZ300995
2025-02-10,SH600493
2025-02-17,SZ301098
2025-02-17,SZ002652
2025-02-17,SZ300717
2025-02-17,SZ001336
2025-02-17,SH512890
2025-02-17,SZ300854
2025-02-17,SZ300535
2025-02-17,SZ300995
2025-02-17,SH600493
2025-02-17,SZ301057
2025-02-24,SZ002188
2025-02-24,SZ301098
2025-02-24,SZ300899
2025-02-24,SZ300717
2025-02-24,SH512890
2025-02-24,SZ300854
2025-02-24,SZ300535
2025-02-24,SH603709
2025-02-24,SH600493
2025-02-24,SZ300995
2025-03-03,SZ301098
2025-03-03,SZ300899
2025-03-03,SZ300717
2025-03-03,SZ301105
2025-03-03,SZ301167
2025-03-03,SZ001336
2025-03-03,SH512890
2025-03-03,SZ300854
2025-03-03,SH603709
2025-03-03,SH600493
2025-03-10,SZ002188
2025-03-10,SZ301098
2025-03-10,SZ300899
2025-03-10,SZ300717
2025-03-10,SZ301167
2025-03-10,SH512890
2025-03-10,SZ300854
2025-03-10,SZ300995
2025-03-10,SH600493
2025-03-10,SH600455
2025-03-17,SZ002188
2025-03-17,SZ301098
2025-03-17,SZ300886
2025-03-17,SZ300899
2025-03-17,SZ300717
2025-03-17,SZ301167
2025-03-17,SZ001336
2025-03-17,SH512890
2025-03-17,SZ300854
2025-03-17,SH600493
2025-03-24,SZ002188
2025-03-24,SZ301098
2025-03-24,SZ300886
2025-03-24,SZ300899
2025-03-24,SZ301167
2025-03-24,SZ001336
2025-03-24,SH512890
2025-03-24,SH600493
2025-03-24,SZ003011
2025-03-24,SH600455
2025-03-31,SH600493
2025-03-31,SZ301098
2025-03-31,SH600137
2025-03-31,SZ300886
2025-03-31,SZ300899
2025-03-31,SZ301167
2025-03-31,SH512890
2025-03-31,SZ000638
2025-03-31,SZ002591
2025-03-31,SH603729
2025-04-07,SH600493
2025-04-07,SZ301098
2025-04-07,SH600137
2025-04-07,SZ300899
2025-04-07,SZ301167
2025-04-07,SH512890
2025-04-07,SZ000638
2025-04-07,SZ002591
2025-04-07,SH603729
2025-04-07,SZ003011
2025-04-14,SZ002188
2025-04-14,SH600493
2025-04-14,SZ301098
2025-04-14,SH600137
2025-04-14,SZ002652
2025-04-14,SH512890
2025-04-14,SZ300854
2025-04-14,SZ002591
2025-04-14,SH603729
2025-04-14,SZ003011
2025-04-21,SH600493
2025-04-21,SZ301098
2025-04-21,SH600137
2025-04-21,SZ001211
2025-04-21,SZ002652
2025-04-21,SH512890
2025-04-21,SZ300854
2025-04-21,SZ002591
2025-04-21,SH603729
2025-04-21,SZ003011
2025-04-28,SZ002188
2025-04-28,SH600493
2025-04-28,SZ301098
2025-04-28,SH600137
2025-04-28,SZ001211
2025-04-28,SZ002652
2025-04-28,SH512890
2025-04-28,SZ300854
2025-04-28,SZ002591
2025-04-28,SH603729
2025-05-06,SH600493
2025-05-06,SZ301098
2025-05-06,SH600137
2025-05-06,SH600768
2025-05-06,SH603316
2025-05-06,SH603616
2025-05-06,SZ301167
2025-05-06,SH512890
2025-05-06,SZ300854
2025-05-06,SZ002591
2025-05-12,SZ301098
2025-05-12,SH600137
2025-05-12,SH600768
2025-05-12,SZ001211
2025-05-12,SZ300717
2025-05-12,SZ301167
2025-05-12,SZ001336
2025-05-12,SH512890
2025-05-12,SZ300535
2025-05-12,SH600493
2025-05-19,SZ301098
2025-05-19,SH600137
2025-05-19,SH600768
2025-05-19,SZ001211
2025-05-19,SZ301167
2025-05-19,SZ001336
2025-05-19,SH512890
2025-05-19,SZ300535
2025-05-19,SZ002883
2025-05-19,SZ300929
2025-05-26,SZ301098
2025-05-26,SH600768
2025-05-26,SZ002883
2025-05-26,SZ001211
2025-05-26,SH603177
2025-05-26,SZ301167
2025-05-26,SH512890
2025-05-26,SZ300535
2025-05-26,SH603709
2025-05-26,SZ300929
2025-06-03,SZ002188
2025-06-03,SZ301098
2025-06-03,SH600768
2025-06-03,SZ001211
2025-06-03,SZ300749
2025-06-03,SZ301167
2025-06-03,SH512890
2025-06-03,SZ300535
2025-06-03,SH603709
2025-06-03,SZ300929
2025-06-09,SZ002188
2025-06-09,SZ301098
2025-06-09,SH600768
2025-06-09,SZ001211
2025-06-09,SH603616
2025-06-09,SZ300749
2025-06-09,SH512890
2025-06-09,SZ300535
2025-06-09,SZ300929
2025-06-09,SZ002591
2025-06-16,SZ002188
2025-06-16,SH600768
2025-06-16,SZ300929
2025-06-16,SZ001211
2025-06-16,SH603616
2025-06-16,SZ300749
2025-06-16,SH512890
2025-06-16,SZ300535
2025-06-16,SZ002883
2025-06-16,SZ002591
2025-06-23,SZ002188
2025-06-23,SH600768
2025-06-23,SZ300970
2025-06-23,SZ001211
2025-06-23,SZ300749
2025-06-23,SZ301167
2025-06-23,SH512890
2025-06-23,SZ300535
2025-06-23,SZ002883
2025-06-23,SZ300929
2025-06-30,SH600671
2025-06-30,SH600768
2025-06-30,SZ300970
2025-06-30,SZ001211
2025-06-30,SZ300749
2025-06-30,SZ301167
2025-06-30,SH603272
2025-06-30,SH512890
2025-06-30,SZ002883
2025-06-30,SZ300929
2025-07-07,SH600137
2025-07-07,SH600671
2025-07-07,SH600768
2025-07-07,SZ002883
2025-07-07,SZ301372
2025-07-07,SH603272
2025-07-07,SH512890
2025-07-07,SH603709
2025-07-07,SZ300929
2025-07-07,SZ002719
2025-07-14,SZ301098
2025-07-14,SH600137
2025-07-14,SH600671
2025-07-14,SH600768
2025-07-14,SZ301372
2025-07-14,SH603272
2025-07-14,SH512890
2025-07-14,SZ002883
2025-07-14,SZ300929
2025-07-14,SZ002719
2025-07-21,SZ301098
2025-07-21,SH600137
2025-07-21,SZ300163
2025-07-21,SH600671
2025-07-21,SZ300970
2025-07-21,SH600768
2025-07-21,SZ301372
2025-07-21,SH512890
2025-07-21,SZ002883
2025-07-21,SZ002719
2025-07-28,SZ002188
2025-07-28,SZ301098
2025-07-28,SH600768
2025-07-28,SZ301372
2025-07-28,SZ301167
2025-07-28,SZ001336
2025-07-28,SH512890
2025-07-28,SH603272
2025-07-28,SH603709
2025-07-28,SZ002719
2025-08-04,SZ002188
2025-08-04,SZ301098
2025-08-04,SZ300970
2025-08-04,SZ300929
2025-08-04,SZ001211
2025-08-04,SZ300749
2025-08-04,SZ001336
2025-08-04,SH512890
2025-08-04,SH603709
2025-08-04,SH600493
2025-08-18,SH600493
2025-08-18,SZ002494
2025-08-18,SZ301098
2025-08-18,SZ300970
2025-08-18,SZ001211
2025-08-18,SZ301167
2025-08-18,SZ001336
2025-08-18,SH512890
2025-08-18,SZ300929
2025-08-18,SZ002591
2025-08-25,SZ301098
2025-08-25,SH600883
2025-08-25,SH600768
2025-08-25,SZ300970
2025-08-25,SZ001211
2025-08-25,SZ301167
2025-08-25,SZ001336
2025-08-25,SH512890
2025-08-25,SZ002591
2025-08-25,SH600455
2025-09-01,SH600883
2025-09-01,SH600137
2025-09-01,SZ300163
2025-09-01,SH600768
2025-09-01,SZ001211
2025-09-01,SH603272
2025-09-01,SZ300621
2025-09-01,SZ001336
2025-09-01,SH512890
2025-09-01,SH600455
2025-09-08,SZ301098
2025-09-08,SH600137
2025-09-08,SH600883
2025-09-08,SZ300163
2025-09-08,SH600768
2025-09-08,SH603272
2025-09-08,SZ001336
2025-09-08,SH512890
2025-09-08,SH600493
2025-09-08,SH600455
2025-09-15,SH600883
2025-09-15,SH600137
2025-09-15,SZ300163
2025-09-15,SH600768
2025-09-15,SZ300626
2025-09-15,SZ001336
2025-09-15,SH512890
2025-09-15,SZ001259
2025-09-15,SH600493
2025-09-15,SH600455
2025-09-22,SH600883
2025-09-22,SH600137
2025-09-22,SH600768
2025-09-22,SZ301372
2025-09-22,SZ001336
2025-09-22,SZ001259
2025-09-22,SH512890
2025-09-22,SH600561
2025-09-22,SH600493
2025-09-22,SH600455
2025-09-29,SZ301098
2025-09-29,SH600137
2025-09-29,SH600883
2025-09-29,SH600768
2025-09-29,SZ300594
2025-09-29,SZ301167
2025-09-29,SH512890
2025-09-29,SH600561
2025-09-29,SH600493
2025-09-29,SH600455
2025-10-13,SZ301098
2025-10-13,SH600137
2025-10-13,SH600768
2025-10-13,SZ300594
2025-10-13,SZ300749
2025-10-13,SZ300621
2025-10-13,SZ001259
2025-10-13,SH512890
2025-10-13,SH600493
2025-10-13,SH600455
2025-10-27,SZ301098
2025-10-27,SH600883
2025-10-27,SZ300640
2025-10-27,SH600768
2025-10-27,SZ300594
2025-10-27,SZ301372
2025-10-27,SZ301167
2025-10-27,SH512890
2025-10-27,SH600493
2025-10-27,SH600455
2025-11-03,SZ002188
2025-11-03,SH600883
2025-11-03,SH600768
2025-11-03,SH603022
2025-11-03,SZ300838
2025-11-03,SZ301372
2025-11-03,SZ301167
2025-11-03,SZ001336
2025-11-03,SH512890
2025-11-03,SH600455
2025-11-10,SZ300923
2025-11-10,SZ002188
2025-11-10,SH600883
2025-11-10,SH600768
2025-11-10,SH603022
2025-11-10,SZ300838
2025-11-10,SZ001211
2025-11-10,SH603860
2025-11-10,SH512890
2025-11-10,SH600455
2025-11-17,SZ300923
2025-11-17,SH600883
2025-11-17,SH600768
2025-11-17,SH603022
2025-11-17,SZ300838
2025-11-17,SZ001211
2025-11-17,SH603860
2025-11-17,SZ001336
2025-11-17,SH512890
2025-11-17,SH600455
