date,portfolio_value,cumulative_return,drawdown
2020-01-02,1000000.0,0.0,0.0
2020-01-03,1000000.0,0.0,-0.09855700000001022
2020-01-06,999014.4299999999,-0.09855700000001022,0.0
2020-01-07,1009782.4299999999,0.9782430000000009,-0.8873198556247489
2020-01-08,1000822.4299999999,0.08224299999999296,0.0
2020-01-09,1011072.4299999999,1.1072430000000022,0.0
2020-01-10,1012320.4299999999,1.2320429999999938,0.0
2020-01-13,1032680.0399999999,3.268004000000002,0.0
2020-01-14,1035113.0399999999,3.511303999999993,-1.6724743415463106
2020-01-15,1017801.0399999999,1.7801039999999935,-2.362060862454219
2020-01-16,1010663.0399999999,1.0663039999999846,-2.5127690401813596
2020-01-17,1009103.0399999999,0.910303999999984,-1.6959243407850382
2020-01-20,1017558.306,1.7558305999999968,-2.203791578164237
2020-01-21,1012301.306,1.23013059999999,-2.334501940000654
2020-01-22,1010948.306,1.0948305999999963,-6.636737375079314
2020-01-23,966415.306,-3.358469399999997,-15.909623358623689
2020-02-03,870430.454,-12.956954599999992,-17.69165095244088
2020-02-04,851984.454,-14.8015546,-15.70375212353617
2020-02-05,872561.454,-12.743854599999993,-13.88414409309342
2020-02-06,891396.454,-10.860354599999999,-11.917498981560486
2020-02-07,911753.454,-8.824654599999992,-11.154669155747454
2020-02-10,919649.605,-8.035039499999996,-11.800202517012044
2020-02-11,912967.605,-8.703239500000004,-10.495707309416174
2020-02-12,926470.605,-7.3529395,-12.124708138156583
2020-02-13,909608.605,-9.039139500000005,-12.195425052320862
2020-02-14,908876.605,-9.1123395,-9.156626507188061
2020-02-17,940331.605,-5.966839499999999,-7.94622730286541
2020-02-18,952860.605,-4.713939499999997,-7.86710550955866
2020-02-19,953679.605,-4.6320395000000065,-6.540004075303711
2020-02-20,967416.605,-3.258339500000007,-6.097926753970765
2020-02-21,971992.605,-2.8007395000000046,-6.1851653419417865
2020-02-24,971089.587,-2.891041299999997,-7.801896979290299
2020-02-25,954354.587,-4.564541299999991,-7.920434757541066
2020-02-26,953127.587,-4.6872412999999895,-7.316635968570144
2020-02-27,959377.587,-4.062241299999991,-12.232910620080666
2020-02-28,908488.587,-9.151141299999999,-8.57074663072545
2020-03-02,946396.1240000001,-5.360387599999994,-7.805612805341516
2020-03-03,954316.1240000001,-4.568387599999991,-5.357474387531606
2020-03-04,979657.1240000001,-2.0342875999999954,-3.4729459112987158
2020-03-05,999164.1240000001,-0.08358759999999021,-3.131050885031819
2020-03-06,1002703.1240000001,0.2703124000000168,-5.441215772916904
2020-03-09,978790.3060000001,-2.1209693999999946,-3.6872044429079662
2020-03-10,996946.3060000001,-0.30536939999998847,-1.8649880016968858
2020-03-11,1015808.3060000001,1.580830600000005,-4.332447980753863
2020-03-12,990267.3060000001,-0.9732693999999875,-4.753851231552451
2020-03-13,985905.3060000001,-1.4094693999999852,-7.43485069031688
2020-03-16,958153.9310000001,-4.184606899999988,-7.154205013203195
2020-03-17,961058.9310000001,-3.894106899999994,-7.892095437228772
2020-03-18,953420.9310000001,-4.657906899999986,-6.987749763059702
2020-03-19,962781.9310000001,-3.721806899999991,-5.4710072051647645
2020-03-20,978481.9310000001,-2.151806899999986,-8.611460831369689
2020-03-23,945974.6860000001,-5.402531399999988,-6.278478918592308
2020-03-24,970123.6860000001,-2.9876313999999904,-5.010694677365861
2020-03-25,983246.6860000001,-1.6753313999999908,-5.940351596768591
2020-03-26,973623.6860000001,-2.6376313999999845,-4.507271399073455
2020-03-27,988457.6860000001,-1.1542313999999942,-5.1012446911111935
2020-03-30,982309.3910000002,-1.7690608999999857,-5.1323524047189695
2020-03-31,981987.3910000002,-1.801260899999979,-5.609498359715335
2020-04-01,977048.3910000002,-2.2951608999999817,-4.219408635794952
2020-04-02,991437.3910000002,-0.8562608999999832,-5.034198873583856
2020-04-03,983003.3910000002,-1.6996608999999774,-2.442588492557263
2020-04-07,1009829.4880000001,0.9829488000000053,-1.2907336188132197
2020-04-08,1021752.4880000001,2.175248800000018,-0.9383083416666679
2020-04-09,1025400.4880000001,2.5400488000000054,-2.93229346236421
2020-04-10,1004760.4880000001,0.47604880000000627,-2.3926753932110927
2020-04-13,1010346.1450000001,1.0346145000000195,0.0
2020-04-14,1035253.1450000001,3.525314500000021,-1.2377648946915392
2020-04-15,1022439.1450000001,2.2439145000000105,-1.3679745933058938
2020-04-16,1021091.1450000001,2.10911450000002,-1.6223085224242744
2020-04-17,1018458.1450000001,1.8458145000000092,-0.9230884297386468
2020-04-20,1025696.8430000001,2.569684300000019,-1.4900029113169568
2020-04-21,1019827.8430000001,1.9827843000000067,-0.17621796261245723
2020-04-22,1033428.8430000001,3.342884300000004,-0.3238147129705518
2020-04-23,1031900.8430000001,3.1900843000000068,-1.6129680050380755
2020-04-24,1018554.8430000001,1.855484300000021,-2.2884635622140994
2020-04-27,1011561.7540000001,1.1561754000000146,-5.152980336997718
2020-04-28,981906.7540000001,-1.8093245999999952,-5.974325342426321
2020-04-29,973403.7540000001,-2.659624599999988,-4.387615161631783
2020-04-30,989830.2210487106,-1.0169778951289343,-2.9178111301435985
2020-05-06,1005046.4135100287,0.5046413510028769,-2.7603816449836915
2020-05-07,1006676.2072063038,0.6676207206303797,-2.0301687871486886
2020-05-08,1014235.758782235,1.4235758782235042,-2.435995416688539
2020-05-11,1010034.4258366763,1.0034425836676242,-2.4973110677801946
2020-05-12,1009399.6536303726,0.9399653630372651,-1.5336287429193167
2020-05-13,1019376.2052063039,1.9376205206303787,-2.3623341838867207
2020-05-14,1010797.0060659026,1.0797006065902615,-2.1365916034742995
2020-05-15,1013134.0132292265,1.313401322922636,-0.06985724645871041
2020-05-18,1034529.9456590259,3.4529945659026007,0.0
2020-05-19,1048275.3998137537,4.827539981375373,0.0
2020-05-20,1058226.4585530087,5.822645855300879,0.0
2020-05-21,1059943.9041117479,5.994390411174777,-2.1846835566028817
2020-05-22,1036787.4839294039,3.678748392940401,-2.7021017988387084
2020-05-25,1031303.1408120632,3.13031408120632,-1.847315784193409
2020-05-26,1040363.3930674959,4.036339306749581,-0.9259302597378678
2020-05-27,1050129.5627673306,5.01295627673306,-2.0780977295107776
2020-05-28,1037917.233906314,3.7917233906314074,-1.8193550270605023
2020-05-29,1040659.7614082698,4.065976140826977,-0.1748579776445787
2020-06-01,1058090.5076368514,5.809050763685142,0.0
2020-06-02,1069025.1383653183,6.902513836531821,-0.12131271387316896
2020-06-03,1067728.274957981,6.772827495798106,0.0
2020-06-04,1090491.7791714498,9.049177917144991,0.0
2020-06-05,1098515.313324472,9.851531332447184,-1.7190181035316148
2020-06-08,1079631.6362183571,7.963163621835712,-1.7459546913854398
2020-06-09,1079335.7336758957,7.933573367589575,-2.2219252503447535
2020-06-10,1074107.1241988116,7.41071241988116,-2.3091160457309052
2020-06-11,1073149.3199596854,7.314931995968554,-2.825336398865927
2020-06-12,1067478.5603299995,6.747856032999944,-2.6050351430008822
2020-06-15,1069898.6033611232,6.98986033611233,-0.7101042769955603
2020-06-16,1090714.7091011037,9.07147091011038,-0.6007571787824211
2020-06-17,1091915.903719651,9.191590371965109,-1.018776940145255
2020-06-18,1087323.8926283577,8.73238926283577,-0.8912605251518513
2020-06-19,1088724.6799740628,8.872467997406286,-0.5835605876639502
2020-06-22,1092104.8109064572,9.210481090645729,-1.0858136347814942
2020-06-23,1086587.4842722323,8.658748427223228,-1.4897318033106413
2020-06-24,1082150.3813376399,8.215038133763986,-2.641486617754534
2020-06-29,1069498.178329022,6.949817832902183,-1.8107912361569698
2020-06-30,1078623.4943029503,7.862349430295024,-1.436485453337284
2020-07-01,1082735.3006458837,8.273530064588375,-0.17921812879155402
2020-07-02,1096546.5747354433,9.654657473544326,0.0
2020-07-03,1111083.9645442448,11.108396454424474,0.0
2020-07-06,1141184.6445710112,14.11846445710112,0.0
2020-07-07,1151532.8562238328,15.153285622383272,0.0
2020-07-08,1177351.8155892799,17.73518155892799,0.0
2020-07-09,1207156.5600683263,20.715656006832628,0.0
2020-07-10,1211927.5115979032,21.192751159790312,0.0
2020-07-13,1229351.0320853568,22.93510320853567,0.0
2020-07-14,1231719.7731000958,23.171977310009574,-1.1473127570756274
2020-07-15,1217588.0950118955,21.758809501189557,-5.210544950006663
2020-07-16,1167540.4606645952,16.754046066459516,-3.732634449322397
2020-07-17,1185744.1765302462,18.57441765302461,0.0
2020-07-20,1241612.0913269916,24.161209132699145,-0.050113639167286124
2020-07-21,1240989.8743236866,24.098987432368666,-0.4640503605965404
2020-07-22,1235850.3859399785,23.585038593997854,-0.7989656223134146
2020-07-23,1231692.0375548024,23.16920375548024,-3.238029017155248
2020-07-24,1201408.3315293156,20.14083315293156,-1.8995553109933287
2020-07-27,1218026.9829042545,21.802698290425447,-0.3371290567154252
2020-07-28,1237426.2561954362,23.742625619543634,0.0
2020-07-29,1252406.6811474857,25.240668114748566,0.0
2020-07-30,1288423.3177033816,28.84233177033817,0.0
2020-07-31,1311699.5271384744,31.169952713847437,0.0
2020-08-03,1353252.8405927022,35.325284059270224,-0.7932879928774261
2020-08-04,1342517.6482950074,34.25176482950074,0.0
2020-08-05,1354952.5695207184,35.495256952071855,-0.4150622003782532
2020-08-06,1349328.673571584,34.932867357158415,-1.6809727593156052
2020-08-07,1332176.1859254283,33.21761859254282,-0.22117706341989019
2020-08-10,1351955.7252167203,35.19557252167203,-1.7551649789819916
2020-08-11,1331170.9165386744,33.11709165386745,-1.3777784665395079
2020-08-12,1336284.3247860386,33.628432478603855,-0.10703241122558302
2020-08-13,1353502.3311145976,35.35023311145977,0.0
2020-08-14,1380994.755359829,38.0994755359829,0.0
2020-08-17,1387106.1858610492,38.710618586104914,0.0
2020-08-18,1388457.5771793907,38.84575771793908,-0.9526218593109693
2020-08-19,1375230.8267919205,37.52308267919204,-1.0504026084130789
2020-08-20,1373873.1825719895,37.38731825719894,-0.3671373843305418
2020-08-21,1383360.030347995,38.33600303479949,0.0
2020-08-24,1392841.5638994083,39.284156389940826,0.0
2020-08-25,1402294.3501586232,40.229435015862315,-1.185894785462297
2020-08-26,1385664.6145832597,38.56646145832596,0.0
2020-08-27,1415365.5892587113,41.536558925871134,0.0
2020-08-28,1420961.125732321,42.09611257323211,-0.8767312710359145
2020-08-31,1408503.115193762,40.85031151937619,0.0
2020-09-01,1424446.030459396,42.4446030459396,0.0
2020-09-02,1440697.779751292,44.069777975129185,-1.2553914272215156
2020-09-03,1422611.3833321235,42.261138333212344,-0.0513560110720807
2020-09-04,1439957.8948400076,43.99578948400076,-0.1595885122132745
2020-09-07,1438398.5915990972,43.839859159909736,0.0
2020-09-08,1467312.0215573842,46.73120215573843,-1.4988769612581025
2020-09-09,1445318.81971649,44.531881971649014,-6.690536568710949
2020-09-10,1369140.9741779955,36.91409741779954,-4.99365415988171
2020-09-11,1394039.5337544393,39.40395337544393,-2.4710305974863758
2020-09-14,1431054.292544105,43.105429254410495,-1.6943100705474254
2020-09-15,1442451.2062097844,44.245120620978426,-3.1727104332458267
2020-09-16,1420758.4599611629,42.07584599611629,-2.8087122370625273
2020-09-17,1426099.4492520127,42.60994492520127,-2.9115317148654665
2020-09-18,1424590.7666937076,42.459076669370766,-3.226045359832653
2020-09-21,1419975.8701716657,41.99758701716656,-5.1649944351367285
2020-09-22,1391525.4372978534,39.152543729785336,-4.782293604345842
2020-09-23,1397140.852594648,39.7140852594648,-6.920996125445497
2020-09-24,1365759.413397202,36.575941339720195,-8.103810963657503
2020-09-25,1348403.8290833526,34.840382908335265,-10.614533649130761
2020-09-28,1311563.693291435,31.156369329143494,-9.664225233159716
2020-09-29,1325507.6829208496,32.55076829208497,-10.193605881900561
2020-09-30,1317740.0170220768,31.774001702207677,-8.312716975701612
2020-10-09,1345338.5260548734,34.53385260548734,-5.059574870916768
2020-10-12,1393072.2712367263,39.307227123672625,-5.256470132296638
2020-10-13,1390183.2033966228,39.01832033966228,-6.163211471936451
2020-10-14,1376878.4787156573,37.687847871565715,-5.923007872423672
2020-10-15,1380403.0150075217,38.04030150075217,-5.372437855543965
2020-10-16,1388481.5950522881,38.84815950522882,-5.822710491789547
2020-10-19,1381874.6905308734,38.18746905308734,-4.52396529237921
2020-10-20,1400931.3349712207,40.09313349712207,-6.251113832472853
2020-10-21,1375588.6768122737,37.55886768122736,-6.128301572146216
2020-10-22,1377390.7158719928,37.73907158719927,-7.037863524345927
2020-10-23,1364044.6040038543,36.40446040038543,-6.959051322760107
2020-10-26,1365201.0249121771,36.52010249121771,-7.143247513628455
2020-10-27,1362498.2920603151,36.24982920603153,-7.200314976660621
2020-10-28,1361660.9343148463,36.166093431484626,-7.247854523888483
2020-10-29,1360963.380823378,36.09633808233781,-9.6614551372222
2020-10-30,1325548.3288715496,32.55483288715495,-9.679221192135639
2020-11-02,1325287.645412048,32.528764541204815,-7.848901139943075
2020-11-03,1352144.1515708452,35.214415157084524,-8.476638337874034
2020-11-04,1342933.2882018168,34.29332882018168,-6.81615387659941
2020-11-05,1367297.7763181918,36.729777631819175,-8.105198762047443
2020-11-06,1348383.4657507422,34.83834657507423,-6.571957312951901
2020-11-09,1370880.901852822,37.088090185282184,-7.426892133217352
2020-11-10,1358336.3404585868,35.83363404585869,-8.23439522076996
2020-11-11,1346487.7505804803,34.648775058048045,-7.768821616606914
2020-11-12,1353319.1680435627,35.331916804356275,-7.5543630346474515
2020-11-13,1356465.9445979153,35.64659445979152,-6.321375981851792
2020-11-16,1374557.711847832,37.4557711847832,-6.976257577614284
2020-11-17,1364948.5554662421,36.494855546624215,-6.2165522819319685
2020-11-18,1376095.8025981968,37.60958025981969,-5.773590288051028
2020-11-19,1382595.4371853422,38.25954371853422,-5.795423157315782
2020-11-20,1382275.0808699694,38.227508086996956,-6.13035888246215
2020-11-23,1377360.5287104065,37.73605287104065,-6.069319173112295
2020-11-24,1378256.1717036206,37.82561717036206,-6.523585456442267
2020-11-25,1371590.667918438,37.15906679184382,-6.106047208568801
2020-11-26,1377717.2568240855,37.771725682408544,-5.531211836409894
2020-11-27,1386151.8853439374,38.61518853439374,-5.094759469518816
2020-11-30,1392556.0033917017,39.25560033917017,-3.918309206613916
2020-12-01,1409818.1995269486,40.981819952694856,-3.291941411499872
2020-12-02,1419008.969483821,41.900896948382105,-3.470831267812
2020-12-03,1416384.0971168063,41.63840971168062,-2.434902733727702
2020-12-04,1431584.4010321682,43.15844010321681,-2.3633025952552016
2020-12-07,1432634.9984714268,43.26349984714268,-3.130372322500588
2020-12-08,1421379.6921498277,42.13796921498276,-4.863227573944724
2020-12-09,1395953.2987291995,39.59532987291994,-5.036348473413319
2020-12-10,1393413.0749594686,39.341307495946864,-6.283902003641641
2020-12-11,1375107.572035065,37.51075720350649,-6.4491323996148155
2020-12-14,1372683.1265716837,37.268312657168366,-7.8581900133484135
2020-12-15,1352007.854814701,35.2007854814701,-9.607475326794958
2020-12-16,1326340.381119162,32.63403811191621,-9.388247804289533
2020-12-17,1329557.1329114467,32.95571329114468,-10.049705251907676
2020-12-18,1319851.4882650592,31.985148826505917,-9.832011071495064
2020-12-21,1323045.7411444841,32.3045741144484,-12.085578939726235
2020-12-22,1289978.8688999738,28.997886889997382,-12.366671409930689
2020-12-23,1285854.3652929713,28.585436529297127,-14.463040083602547
2020-12-24,1255094.0957280209,25.509409572802078,-13.07638746000366
2020-12-25,1275440.6163713282,27.544061637132835,-15.364700038957766
2020-12-28,1241863.9308095248,24.186393080952495,-13.726791811882599
2020-12-29,1265897.155127476,26.589715512747603,-14.184080200007386
2020-12-30,1259187.307635335,25.918730763533503,-13.12594465185675
2020-12-31,1274713.4577377215,27.47134577377215,-13.11773776803703
2021-01-04,1274833.8783306035,27.48338783306035,-13.985233688848956
2021-01-05,1262105.0063980103,26.210500639801037,-16.192152841372227
2021-01-06,1229722.616366984,22.97226163669841,-18.964995691152616
2021-01-07,1189036.359893262,18.903635989326183,-18.944102529933105
2021-01-08,1189342.9277595193,18.93429277595193,-22.12855113248231
2021-01-11,1142617.1305939986,14.261713059399849,-21.884898424094672
2021-01-12,1146192.2760750207,14.619227607502072,-24.30012179527586
2021-01-13,1110753.4132022155,11.075341320221543,-23.191881792329408
2021-01-14,1127014.7519931565,12.70147519931566,-21.14742045973792
2021-01-15,1157013.3789023638,15.701337890236378,-19.93618538414893
2021-01-18,1174785.9767758008,17.478597677580087,-19.059736924777894
2021-01-19,1187646.2103829067,18.764621038290663,-18.970435822107397
2021-01-20,1188956.536197774,18.89565361977741,-18.82823285317303
2021-01-21,1191043.0974559598,19.104309745595984,-19.833774457122573
2021-01-22,1176288.6646194472,17.628866461944725,-21.76033210446617
2021-01-25,1148020.0526577416,14.802005265774154,-21.664658356569877
2021-01-26,1149423.8850620985,14.94238850620986,-21.352811456615267
2021-01-27,1153999.6521139867,15.399965211398658,-20.56021970540939
2021-01-28,1165629.4461613027,16.56294461613028,-23.267798986199047
2021-01-29,1125900.809881079,12.5900809881079,-23.517973661334928
2021-02-01,1122229.966797918,12.222996679791809,-24.138990726811876
2021-02-02,1113117.708740252,11.311770874025218,-25.99837233832531
2021-02-03,1085834.778827888,8.583477882788792,-27.668681652634753
2021-02-04,1061326.1294618328,6.13261294618328,-28.009027311080985
2021-02-05,1056332.1967006025,5.633219670060252,-28.600483738249682
2021-02-08,1047653.6854424826,4.76536854424825,-27.65275921813151
2021-02-09,1061559.7612574236,6.155976125742346,-27.283874808033183
2021-02-10,1066972.4465524475,6.6972446552447495,-24.56232884652711
2021-02-18,1106906.0176178357,10.690601761783558,-21.755536823724647
2021-02-19,1148090.41438853,14.809041438852999,-19.850048166312078
2021-02-22,1176049.878528157,17.6049878528157,-20.752895695242206
2021-02-23,1162802.2881998315,16.280228819983144,-20.085895362241757
2021-02-24,1172589.264269775,17.258926426977506,-20.94025157967557
2021-02-25,1160053.1927844456,16.005319278444553,-18.634638313053664
2021-02-26,1193883.7334162109,19.38837334162109,-16.76712594885815
2021-03-01,1221285.9668401224,22.128596684012237,-17.48099672450336
2021-03-02,1210811.2551306954,21.08112551306953,-16.961597234660008
2021-03-03,1218432.4662850746,21.84324662850745,-16.684636627222872
2021-03-04,1222496.342572978,22.2496342572978,-15.395481000231465
2021-03-05,1241412.2780644062,24.141227806440636,-16.126208767670672
2021-03-08,1230690.221687913,23.0690221687913,-17.452674267908318
2021-03-09,1211226.8339411146,21.12268339411145,-19.33062738437757
2021-03-10,1183671.4021039498,18.367140210394982,-17.69664808822318
2021-03-11,1207646.976746182,20.764697674618194,-18.003703344283167
2021-03-12,1203141.51806119,20.314151806118996,-17.797728039616814
2021-03-15,1206163.8184679986,20.616381846799857,-14.999533073287994
2021-03-16,1247222.069595555,24.722206959555514,-13.417805278724352
2021-03-17,1270430.9516735019,27.043095167350195,-12.724692742960706
2021-03-18,1280601.075233683,28.060107523368295,-13.413979295629247
2021-03-19,1270487.090783399,27.048709078339918,-12.83359132924969
2021-03-22,1279003.1931857588,27.90031931857588,-14.347834348927135
2021-03-23,1256784.5233224381,25.67845233224382,-14.607271236183733
2021-03-24,1252977.7746873677,25.297777468736783,-14.385307407213677
2021-03-25,1256234.6766333545,25.623467663335454,-13.016057629962605
2021-03-26,1276325.8432201073,27.63258432201072,-13.809795171827144
2021-03-29,1264679.2368487148,26.467923684871476,-15.233378907620418
2021-03-30,1243790.8215564843,24.379082155648433,-14.160616399123477
2021-03-31,1259531.5948064204,25.95315948064203,-13.446051587787814
2021-04-01,1270016.4901849676,27.001649018496753,-13.411717257133995
2021-04-02,1270520.2819461725,27.05202819461725,-12.355006268851007
2021-04-06,1286025.5293103666,28.602552931036662,-12.359127229487617
2021-04-07,1285965.0619595419,28.5965061959542,-13.612406804135652
2021-04-08,1267575.540097008,26.75755400970079,-13.14126316069154
2021-04-09,1274488.6874160669,27.44886874160668,-14.198053308171865
2021-04-12,1258982.278539454,25.8982278539454,-13.489689689734
2021-04-13,1269376.1830691318,26.93761830691319,-11.408579784381086
2021-04-14,1299912.5588921967,29.99125588921967,-11.018263034178617
2021-04-15,1305639.7234900696,30.563972349006963,-8.648411050733017
2021-04-16,1340412.8465362831,34.041284653628324,-9.186976842137327
2021-04-19,1332510.405935012,33.251040593501216,-9.723666999475128
2021-04-20,1324635.4867378792,32.46354867378791,-10.712003148112666
2021-04-21,1310133.5116155234,31.01335116155233,-10.805684894921832
2021-04-22,1308758.9080825876,30.875890808258767,-12.443086662640244
2021-04-23,1284733.1151036622,28.47331151036623,-14.234501320655376
2021-04-26,1258447.4724706651,25.844747247066515,-14.517039865406991
2021-04-27,1254301.7504379915,25.430175043799142,-15.544675891631746
2021-04-28,1239223.123487341,23.9223123487341,-14.795875746119805
2021-04-29,1250210.358039877,25.02103580398769,-16.693315878239627
2021-04-30,1222368.9908794283,22.23689908794284,-16.404835304755828
2021-05-06,1226601.9010140137,22.66019010140137,-17.577911520970677
2021-05-07,1209389.2126714627,20.93892126714627,-17.709051480201623
2021-05-10,1207464.9802846014,20.746498028460138,-16.85039911005115
2021-05-11,1220064.0897352067,22.006408973520664,-16.233103097207728
2021-05-12,1229121.7483402526,22.912174834025258,-16.369834830975265
2021-05-13,1227115.4671733975,22.711546717339747,-15.200506008877978
2021-05-14,1244273.1695515662,24.42731695515663,-17.074406757520887
2021-05-17,1216777.198594675,21.677719859467494,-17.163396336047835
2021-05-18,1215471.4438110157,21.547144381101567,-16.621559725572247
2021-05-19,1223421.8775337231,22.34218775337231,-16.28464711982534
2021-05-20,1228365.4366999897,22.836543669998967,-16.014798121278247
2021-05-21,1232324.9634957234,23.23249634957234,-15.618389549621481
2021-05-24,1238141.514122127,23.814151412212702,-15.525019083429411
2021-05-25,1239511.5501971473,23.95115501971472,-14.64139922716609
2021-05-26,1252477.0105729671,25.247701057296702,-13.929341440429187
2021-05-27,1262925.120078193,26.2925120078193,-14.222705038580816
2021-05-28,1258620.560735641,25.862056073564112,-13.807918029633504
2021-05-31,1264706.7803817831,26.470678038178306,-13.06006976117074
2021-06-01,1275680.0479279459,27.568004792794575,-12.960037876698868
2021-06-02,1277147.8277941921,27.71478277941921,-12.346820182276058
2021-06-03,1286145.6447427752,28.614564474277525,-13.213732132354963
2021-06-04,1273425.34148295,27.342534148294995,-13.115543464400204
2021-06-07,1274866.075611657,27.486607561165698,-11.936559471187643
2021-06-08,1292165.4494763024,29.21654494763024,-11.163635905070727
2021-06-09,1303506.649879386,30.350664987938593,-11.058254389530951
2021-06-10,1305052.9255254003,30.50529255254004,-11.356993727588177
2021-06-11,1300669.4873049657,30.066948730496577,-11.973131291738232
2021-06-15,1291628.826756861,29.1628826756861,-11.983795646118589
2021-06-16,1291472.3474030166,29.147234740301652,-12.053927188004016
2021-06-17,1290443.2988580281,29.04432988580281,-11.262073620709558
2021-06-18,1302062.2614440706,30.20622614440707,-10.226409353275672
2021-06-21,1317258.6877431022,31.72586877431023,-9.545980642927097
2021-06-22,1327242.7000081746,32.724270000817455,-9.730820408451622
2021-06-23,1324530.5239080149,32.453052390801496,-9.219833109931558
2021-06-24,1332028.301967831,33.20283019678312,-9.91586710493019
2021-06-25,1321815.31148509,32.18153114850901,-9.339832887749967
2021-06-28,1330267.5308020595,33.02675308020595,-10.933407349394688
2021-06-29,1306884.8211538782,30.688482115387817,-10.435506423103831
2021-06-30,1314190.5813007897,31.41905813007897,-10.588017447277089
2021-07-01,1311952.7687088952,31.195276870889522,-9.601524925181097
2021-07-02,1326427.692077374,32.64276920773741,-8.157350018090554
2021-07-05,1347618.2441014287,34.761824410142864,-7.623228587786524
2021-07-06,1355455.472057994,35.54554720579939,-7.324122346928558
2021-07-07,1359844.2938873314,35.98442938873314,-8.08349059215952
2021-07-08,1348701.9923371682,34.87019923371682,-7.425757771341724
2021-07-09,1358352.9850867563,35.83529850867564,-5.988958040164114
2021-07-12,1379435.3202680293,37.94353202680294,-5.492685368348864
2021-07-13,1386717.1888412787,38.671718884127856,-5.7545948215798965
2021-07-14,1382874.1599484244,38.28741599484245,-8.030021388109972
2021-07-15,1349486.552396018,34.9486552396018,-8.520857794432684
2021-07-16,1342284.4507998647,34.22844507998648,-9.097547079269699
2021-07-19,1333822.6195964178,33.38226195964178,-9.133214359745962
2021-07-20,1333299.2693022268,33.329926930222676,-8.234470515090068
2021-07-21,1346486.6457778697,34.64866457778697,-8.316658747573612
2021-07-22,1345280.6879623332,34.52806879623331,-9.99377272045491
2021-07-23,1320672.1930230272,32.06721930230272,-11.382798004580286
2021-07-26,1300290.8580465838,30.029085804658372,-12.512676434560325
2021-07-27,1283712.0160145028,28.37120160145028,-15.305350190436181
2021-07-28,1242734.7782716583,24.273477827165824,-14.522572998047266
2021-07-29,1254220.56211759,25.422056211759013,-13.734801059539567
2021-07-30,1265779.6344737692,26.57796344737693,-12.235216503844958
2021-08-02,1287783.218932894,28.778321893289416,-11.594835143099301
2021-08-03,1297179.6116229277,29.717961162292774,-11.274976238366975
2021-08-04,1301872.9397840868,30.18729397840867,-11.495253393414608
2021-08-05,1298640.7866073283,29.86407866073284,-11.850470520012818
2021-08-06,1293428.6430061222,29.342864300612213,-10.381241296669627
2021-08-09,1314986.8200244713,31.49868200244712,-9.36601884161907
2021-08-10,1329883.3011529779,32.988330115297785,-8.332972811528663
2021-08-11,1345041.3097407157,34.504130974071565,-8.56478224443598
2021-08-12,1341639.9420645626,34.16399420645626,-9.085004289453554
2021-08-13,1334006.661459228,33.400666145922806,-8.803976352838674
2021-08-16,1338130.2181571126,33.81302181571127,-10.512877655183626
2021-08-17,1313055.3039112543,31.305530391125423,-9.049745009860073
2021-08-18,1334524.0251074173,33.45240251074173,-8.469205870871434
2021-08-19,1343042.3456836431,34.30423456836431,-8.20401940838375
2021-08-20,1346933.4585272674,34.69334585272674,-7.19095303360097
2021-08-23,1361798.3032308107,36.17983032308108,-6.562691755057921
2021-08-24,1371016.856497663,37.1016856497663,-5.7788745067867815
2021-08-25,1382517.9012085858,38.25179012085857,-5.570250601314051
2021-08-26,1385579.0648534296,38.55790648534296,-6.717372824140622
2021-08-27,1368747.202575939,36.87472025759391,-6.629828168110954
2021-08-30,1370031.7558380933,37.003175583809345,-5.744874476841943
2021-08-31,1383016.7877352994,38.30167877352994,-5.188592687582719
2021-09-01,1391179.1773028346,39.11791773028346,-4.668635409296089
2021-09-02,1398808.5729540968,39.88085729540969,-4.116575543046866
2021-09-03,1406909.0137377651,40.69090137377651,-3.728340585475038
2021-09-06,1412605.6319421048,41.26056319421048,-2.2999423761135236
2021-09-07,1433564.690583777,43.35646905837769,-0.7271567129118742
2021-09-08,1456642.363693266,45.664236369326595,-0.6017228243720212
2021-09-09,1458482.870218918,45.848287021891785,-0.4661517347095406
2021-09-10,1460472.1211152917,46.04721211152918,-0.23406289919198522
2021-09-13,1463877.5884995335,46.38775884995334,-1.0852165361367745
2021-09-14,1451388.5088627196,45.13885088627197,0.0
2021-09-15,1468779.7392226623,46.87797392226622,-0.3705292866141107
2021-09-16,1463337.480132988,46.333748013298795,-2.5769305091832693
2021-09-17,1430930.306009931,43.093030600993096,-2.239547204735347
2021-09-22,1435885.723629182,43.5885723629182,-0.8179707947168314
2021-09-23,1456765.5499171028,45.67655499171028,-3.847780181394937
2021-09-24,1412264.3235085083,41.226432350850814,-8.051889215066483
2021-09-27,1350515.221807111,35.0515221807111,-7.624557419421446
2021-09-28,1356791.7846408016,35.67917846408015,-9.021147265383494
2021-09-29,1336278.9559432701,33.627895594327015,-6.518853391539974
2021-09-30,1373032.1413780937,37.30321413780937,-3.08041771627017
2021-10-08,1423535.1879226607,42.35351879226607,-3.3858006316490172
2021-10-11,1419049.7855345288,41.90497855345288,-4.67783784640953
2021-10-12,1400072.6047009097,40.007260470090976,-3.976929407530739
2021-10-13,1410367.405841663,41.03674058416631,-3.864680679971551
2021-10-14,1412016.0924095877,41.20160924095877,-5.048836146836319
2021-10-15,1394623.4568313805,39.46234568313805,-4.666098568111043
2021-10-18,1400245.0288420888,40.02450288420887,-4.419768521708143
2021-10-19,1403863.0746552723,40.386307465527224,-5.511034845404232
2021-10-20,1387834.7759918643,38.78347759918643,-6.8811727689500435
2021-10-21,1367710.4677714172,36.77104677714171,-8.04645662722614
2021-10-22,1350595.0145566259,35.05950145566259,-8.218691176968303
2021-10-25,1348065.2683860715,34.80652683860717,-8.369425130516744
2021-10-26,1345851.3186162228,34.58513186162229,-10.075685930156318
2021-10-27,1320790.105692818,32.0790105692818,-11.59593014049932
2021-10-28,1298461.0667445944,29.84610667445944,-8.074740958846448
2021-10-29,1350179.5800244121,35.017958002441205,-7.583917634472723
2021-11-01,1357388.6935681927,35.73886935681927,-9.507342873594908
2021-11-02,1329137.813356871,32.9137813356871,-8.354008370478441
2021-11-03,1346077.75686411,34.607775686411,-7.378469871501505
2021-11-04,1360406.2686854,36.040626868539995,-7.1429245338352345
2021-11-05,1363865.9108817258,36.386591088172594,-6.280501289977377
2021-11-08,1376533.0087538566,37.65330087538565,-5.8572691156917625
2021-11-09,1382749.3571796354,38.274935717963544,-5.155955044878814
2021-11-10,1393050.1161600538,39.30501161600537,-3.622745435923945
2021-11-11,1415569.588256198,41.5569588256198,-3.33754410562098
2021-11-12,1419758.5676116815,41.97585676116815,-2.155962836163253
2021-11-15,1437113.3938999265,43.71133938999265,-2.898385264026256
2021-11-16,1426208.8437000297,42.620884370002976,-1.0736109568125822
2021-11-17,1453010.759010925,45.30107590109249,-1.7576373896797008
2021-11-18,1442963.9173540452,44.29639173540452,-0.6359168656372081
2021-11-19,1459439.5211418837,45.943952114188356,-1.5823461216185781
2021-11-22,1445538.5599839536,44.55385599839536,-0.6590494331201314
2021-11-23,1459099.7546775325,45.90997546775324,-0.03836420025547744
2021-11-24,1468216.2536221957,46.821625362219564,0.0
2021-11-25,1469538.8427794813,46.953884277948134,-0.4717184383806598
2021-11-26,1462606.7570989248,46.260675709892475,-1.918020069138219
2021-11-29,1441352.7928511894,44.13527928511893,-0.016075087464355563
2021-11-30,1469302.613125182,46.930261312518205,0.0
2021-12-01,1488200.0586054362,48.820005860543624,-0.9158041631187133
2021-12-02,1474571.0605131926,47.45710605131925,-0.8561895232019202
2021-12-03,1475458.2456193718,47.54582456193717,-2.731254747910384
2021-12-06,1447553.5238463702,44.755352384637014,-3.410193384459429
2021-12-07,1437449.5586593524,43.74495586593523,-2.92495711934521
2021-12-08,1444670.845041157,44.4670845041157,-2.297374723394442
2021-12-09,1454010.5266254935,45.40105266254935,0.0
2021-12-10,1488492.4769427627,48.84924769427628,0.0
2021-12-13,1494422.084728678,49.4422084728678,0.0
2021-12-14,1515881.7523107054,51.58817523107053,0.0
2021-12-15,1517208.8885655045,51.72088885655044,0.0
2021-12-16,1542018.9454965133,54.20189454965132,0.0
2021-12-17,1546128.9900210514,54.61289900210513,-0.229154323944694
2021-12-20,1542585.9685866558,54.258596858665584,0.0
2021-12-21,1586145.476386459,58.61454763864591,-0.7498235190339932
2021-12-22,1574252.1845584195,57.42521845584194,-2.427474783219404
2021-12-23,1547642.1949220023,54.764219492200226,-2.8703667542528235
2021-12-24,1540617.2839581768,54.06172839581769,-2.275329863102804
2021-12-27,1550055.4346899837,55.005543468998376,-0.5729182463982242
2021-12-28,1577058.159537821,57.7058159537821,0.0
2021-12-29,1607231.7458607533,60.723174586075345,0.0
2021-12-30,1624023.4003736759,62.40234003736758,-0.8514528348132773
2021-12-31,1610195.6070931633,61.01956070931634,0.0
2022-01-04,1658092.9587232291,65.80929587232292,-0.8264301411718274
2022-01-05,1644389.9787436926,64.43899787436926,0.0
2022-01-06,1666977.3200454682,66.69773200454681,-2.2435063877884476
2022-01-07,1629578.5773872633,62.95785773872633,-1.2745181687111906
2022-01-10,1645731.391233194,64.5731391233194,-0.8348050637842669
2022-01-11,1653061.3089655936,65.30613089655937,0.0
2022-01-12,1684488.9232364744,68.44889232364744,0.0
2022-01-13,1694765.2620921764,69.47652620921762,-1.0883845067717404
2022-01-14,1676319.6995534156,67.63196995534157,-0.1021241796299052
2022-01-17,1693034.4969716123,69.30344969716123,-2.9891424814877667
2022-01-18,1644106.3136814819,64.4106313681482,-0.3026158316464434
2022-01-19,1689636.6340998411,68.96366340998412,-3.8632921540196303
2022-01-20,1629291.528692719,62.929152869271896,-2.4001008752806077
2022-01-21,1654089.1862027505,65.40891862027505,-5.175576587337331
2022-01-24,1607051.3879770078,60.70513879770078,-7.3027080385756395
2022-01-25,1571001.5030623837,57.10015030623838,-5.41974104875943
2022-01-26,1602913.3735024515,60.29133735024514,-9.133610056282784
2022-01-27,1539972.0116833383,53.997201168333845,-6.914350370031232
2022-01-28,1577583.2539215456,57.75832539215455,-5.775259624960046
2022-02-07,1596888.168172719,59.68881681727189,-3.1308682568571866
2022-02-08,1641704.3944730903,64.17043944730902,-3.3206248865191705
2022-02-09,1638488.465031062,63.8488465031062,-3.0943999505200845
2022-02-10,1642322.446660565,64.2322446660565,-4.6016726623154875
2022-02-11,1616777.7123360618,61.67777123360618,-1.9044376981155127
2022-02-14,1662489.5135463274,66.24895135463274,-1.207431012020875
2022-02-15,1674302.1407367191,67.43021407367192,0.0
2022-02-16,1748594.2418365595,74.85942418365595,0.0
2022-02-17,1770506.4387376097,77.05064387376098,0.0
2022-02-18,1793266.1004472806,79.32661004472806,0.0
2022-02-21,1847209.6859606162,84.72096859606162,-0.9691927805531032
2022-02-22,1829306.6630426082,82.93066630426082,-0.07276525903872683
2022-02-23,1845865.5590476384,84.58655590476386,-2.316758774331536
2022-02-24,1804414.2934808217,80.44142934808217,0.0
2022-02-25,1870455.3812929522,87.04553812929522,-0.060462017394913865
2022-02-28,1869324.4662349508,86.93244662349508,0.0
2022-03-01,1910039.533179075,91.00395331790749,0.0
2022-03-02,1933618.1016978493,93.36181016978493,-0.0559182203830114
2022-03-03,1932536.8568663762,93.25368568663764,-0.6992917049666661
2022-03-04,1920096.4707069425,92.00964707069426,0.0
2022-03-07,1946307.3695148535,94.63073695148535,-3.2015372702629006
2022-03-08,1883995.613685962,88.39956136859621,-5.044290511199448
2022-03-09,1848129.9715556402,84.81299715556403,-2.67943827276892
2022-03-10,1894157.2649503506,89.41572649503506,-1.3144395426095432
2022-03-11,1920724.3358292265,92.07243358292266,-5.062521703766929
2022-03-14,1847775.1365111487,84.77751365111486,-9.702525735101819
2022-03-15,1757466.3961034913,75.74663961034913,-6.093543883739021
2022-03-16,1827708.275841019,82.77082758410191,-5.868892395731698
2022-03-17,1832080.6843078304,83.20806843078303,-2.5564424499254557
2022-03-18,1896551.1417145482,89.65511417145481,-1.4277447435692867
2022-03-21,1918519.0683529032,91.85190683529032,-1.6284948655826283
2022-03-22,1914611.8539338475,91.46118539338475,-1.993489490729921
2022-03-23,1907507.9366462724,90.75079366462724,-3.1161076483709715
2022-03-24,1885658.3367125927,88.56583367125927,-2.4844816141483594
2022-03-25,1897951.7207644419,89.79517207644419,-3.3097761329965634
2022-03-28,1881888.952723897,88.18889527238971,-5.049013651339198
2022-03-29,1848038.044731027,84.8038044731027,-4.530230295249921
2022-03-30,1858135.163422409,85.8135163422409,-3.395450386555672
2022-03-31,1880221.4684130992,88.0221468413099,-5.064233084069879
2022-04-01,1847741.8277901914,84.77418277901914,-2.2476043267585197
2022-04-06,1902562.0808656171,90.25620808656171,-4.55836528693177
2022-04-07,1857587.570005893,85.7587570005893,-5.486004707272932
2022-04-08,1839532.8556052682,83.95328556052681,-6.77754465088021
2022-04-11,1814395.518502612,81.4395518502612,-4.441480257395524
2022-04-12,1859862.5119496167,85.98625119496168,-6.136591516778071
2022-04-13,1826870.4365867781,82.68704365867781,-5.29408128991781
2022-04-14,1843268.2752210759,84.32682752210758,-7.894186459920868
2022-04-15,1792662.2366821696,79.26622366821697,-6.554819601055266
2022-04-18,1818730.4325611102,81.87304325611102,-6.0292315540567465
2022-04-19,1828959.9914531317,82.89599914531316,-5.497248876800772
2022-04-20,1839314.009505107,83.9314009505107,-9.109211250330723
2022-04-21,1769014.11964499,76.901411964499,-9.226500509638706
2022-04-22,1766731.3101474294,76.67313101474294,-16.51670122388105
2022-04-25,1624841.596393706,62.484159639370596,-19.562886759047068
2022-04-26,1565553.4628336742,56.55534628336743,-17.352534022269232
2022-04-27,1608573.7210418545,60.857372104185444,-20.016338085176347
2022-04-28,1556727.9062560573,55.67279062560573,-16.237327203165204
2022-04-29,1630279.0735474085,63.02790735474084,-14.617553215365813
2022-05-05,1661804.8540414325,66.18048540414325,-15.818940865941435
2022-05-06,1638422.1576618378,63.842215766183784,-14.443604913724654
2022-05-09,1665190.4226554204,66.51904226554204,-12.418554561304381
2022-05-10,1704604.1269009626,70.46041269009626,-11.74868957095595
2022-05-11,1717641.7585739142,71.76417585739141,-9.683859820494217
2022-05-12,1757829.6921750861,75.78296921750862,-7.679662950137832
2022-05-13,1796837.5235624183,79.68375235624183,-5.693967898752333
2022-05-16,1835485.2526836263,83.54852526836262,-6.52585098001187
2022-05-17,1819294.2509673245,81.92942509673244,-5.27828155557414
2022-05-18,1843575.7866149703,84.35757866149703,-3.5556656920052636
2022-05-19,1877103.1861160432,87.71031861160432,-3.445493598049537
2022-05-20,1879247.4736998524,87.92474736998524,-2.5759136498367075
2022-05-23,1896172.1723157421,89.61721723157422,-5.108395450125794
2022-05-24,1846882.292405093,84.68822924050932,-1.556251569725073
2022-05-25,1916017.9305251034,91.60179305251033,-1.8953992920520257
2022-05-26,1909417.0734119122,90.94170734119122,-1.673875368482736
2022-05-27,1913728.6098615797,91.37286098615797,-1.7746881972580273
2022-05-30,1911766.4823457098,91.17664823457099,-1.4408192728377218
2022-05-31,1918264.597826222,91.82645978262221,0.0
2022-06-01,1947030.8860416815,94.70308860416816,0.0
2022-06-02,1960530.5246865044,96.05305246865044,0.0
2022-06-06,1986965.0808022008,98.69650808022008,-1.255850934641604
2022-06-07,1962011.7612639442,96.20117612639443,-1.4274850305956435
2022-06-08,1958601.451710587,95.86014517105869,-2.783824642043402
2022-06-09,1931651.4572540317,93.16514572540318,-1.717862656627352
2022-06-10,1952831.7496788744,95.28317496788743,-1.3439127263664343
2022-06-13,1960262.0042128433,96.02620042128433,-1.7016969292824875
2022-06-14,1953152.957036275,95.31529570362748,-2.400239259852388
2022-06-15,1939273.1648532292,93.9273164853229,-1.1636722658229248
2022-06-16,1963843.31922532,96.384331922532,-1.98800276577241
2022-06-17,1947464.1600409213,94.74641600409213,-0.7384654157956767
2022-06-20,1972292.03085654,97.22920308565399,-0.7067239911981437
2022-06-21,1972922.721879442,97.2922721879442,-2.2436340731662208
2022-06-22,1942384.8552274078,94.23848552274077,-0.5932922633377884
2022-06-23,1975176.570702578,97.5176570702578,0.0
2022-06-24,1995457.8003423584,99.54578003423585,-0.2879015750488962
2022-06-27,1989712.8459057366,98.97128459057365,0.0
2022-06-28,2041763.5558701728,104.1763555870173,-2.245743550065757
2022-06-29,1995910.7825066252,99.59107825066252,-1.6607667003595068
2022-06-30,2007854.6266342045,100.78546266342046,-1.5663384277553194
2022-07-01,2009782.6286906747,100.97826286906746,-1.1776166253975793
2022-07-04,2017719.4087849369,101.77194087849371,-2.396413350384669
2022-07-05,1992834.461434011,99.28344614340112,-2.118738595441007
2022-07-06,1998503.9233843028,99.85039233843027,-2.4940034606253874
2022-07-07,1990841.9021289828,99.08419021289829,-1.7189825345498386
2022-07-08,2006665.9969479607,100.66659969479605,-2.0609236737457537
2022-07-11,1999684.3673853313,99.96843673853313,-3.3376810826713976
2022-07-12,1973615.9999130152,97.36159999130152,-1.0886724377632766
2022-07-13,2019535.4387931188,101.95354387931191,-1.4483341950072939
2022-07-14,2012191.9961093082,101.2191996109308,-4.171374902234854
2022-07-15,1956593.9433376265,95.65939433376265,-0.4470179832465641
2022-07-18,2032636.505600059,103.26365056000589,0.0
2022-07-19,2060063.5731130736,106.00635731130734,0.0
2022-07-20,2074532.3969244957,107.45323969244956,-0.1843888953908709
2022-07-21,2070707.1895532808,107.07071895532808,0.0
2022-07-22,2088231.5247835633,108.82315247835632,0.0
2022-07-25,2097447.6967863855,109.74476967863853,0.0
2022-07-26,2105865.782133832,110.5865782133832,-0.029196769852390822
2022-07-27,2105250.937348022,110.52509373480221,0.0
2022-07-28,2125019.835809361,112.50198358093613,0.0
2022-07-29,2128137.7498810315,112.81377498810316,0.0
2022-08-01,2143285.860230519,114.3285860230519,-4.712617487133768
2022-08-02,2042280.9959820302,104.228099598203,-4.305970213187234
2022-08-03,2050996.609505539,105.0996609505539,-2.126616020150988
2022-08-04,2097706.399769226,109.77063997692262,-2.088937875623877
2022-08-05,2098513.950113273,109.8513950113273,-0.2507033097890151
2022-08-08,2137912.5716406815,113.79125716406816,0.0
2022-08-09,2156315.219222707,115.63152192227074,0.0
2022-08-10,2177709.1849061996,117.77091849061993,0.0
2022-08-11,2191480.7354853917,119.14807354853916,-0.23711700318198828
2022-08-12,2186284.362040098,118.6284362040098,-0.09503409708086605
2022-08-15,2189398.0815557214,118.93980815557215,0.0
2022-08-16,2213298.9932979057,121.32989932979056,-0.25368746037155315
2022-08-17,2207684.131291379,120.76841312913791,-0.3393200930832699
2022-08-18,2205788.8250936363,120.57888250936361,-2.1095389531582844
2022-08-19,2166608.5888844263,116.66085888844262,-1.247113329036262
2022-08-22,2185696.6465410623,118.5696646541062,-0.8726838178284043
2022-08-23,2193983.891143236,119.39838911432359,-3.6655041977105847
2022-08-24,2132170.4257906848,113.21704257906848,-4.142505307822211
2022-08-25,2121612.9650225644,112.16129650225643,-4.586687645741425
2022-08-26,2111781.881808991,111.17818818089913,-2.4125021398338142
2022-08-29,2159903.1077236733,115.99031077236734,-1.6215379660212248
2022-08-30,2177409.5098200142,117.74095098200141,-4.937714331461585
2022-08-31,2104012.61170774,110.401261170774,-3.8815241030945162
2022-09-01,2127389.2593994993,112.73892593994992,-1.7074976488117604
2022-09-02,2175506.9650261695,117.55069650261696,-0.4837740647659148
2022-09-05,2202591.6267926055,120.25916267926053,-0.1923710622490792
2022-09-06,2209041.246513751,120.90412465137507,-0.5266537666116425
2022-09-07,2201642.570783325,120.16425707833251,-1.211119665366645
2022-09-08,2186493.293936713,118.64932939367132,-2.563358346849227
2022-09-09,2156564.2088124743,115.65642088124744,-0.685349662998383
2022-09-13,2198130.156106192,119.81301561061923,-1.1336710070705427
2022-09-14,2188207.4643111033,118.82074643111031,-2.785843676200087
2022-09-15,2151639.943257716,115.16399432577163,-5.6359180168289225
2022-09-16,2088559.2765683362,108.85592765683363,-8.3132049681808
2022-09-19,2029302.911426369,102.9302911426369,-6.715799719829206
2022-09-20,2064658.2657070225,106.46582657070228,-5.622969041436768
2022-09-21,2088845.876110333,108.88458761103333,-6.336246767089401
2022-09-22,2073058.9073890452,107.30589073890454,-8.668799799043827
2022-09-23,2021432.534614658,102.14325346146578,-10.005896679895997
2022-09-26,1991838.582811339,99.1838582811339,-6.852911524988683
2022-09-27,2061623.5715037351,106.1623571503735,-7.949126173493153
2022-09-28,2037361.0637240014,103.73610637240014,-8.053371369576148
2022-09-29,2035053.8058485352,103.5053805848535,-8.349711291442176
2022-09-30,2028494.9173411347,102.84949173411349,-9.431209861511265
2022-10-10,2004558.1203772645,100.45581203772645,-8.820996588822428
2022-10-11,2018063.9645986564,101.80639645986562,-6.5150426657668685
2022-10-12,2069101.6195635588,106.91016195635589,-3.8929546867722
2022-10-13,2127136.266406033,112.71362664060334,-2.642332825741195
2022-10-14,2154816.267466196,115.48162674661957,-0.11108651859287202
2022-10-17,2210840.3165002,121.08403165002,0.0
2022-10-18,2214629.4097441216,121.46294097441216,-0.5900020004595121
2022-10-19,2201563.0519238664,120.15630519238663,-0.8598441285135763
2022-10-20,2195587.0487961015,119.55870487961016,0.0
2022-10-21,2218155.856567852,121.8155856567852,-1.5816903063727916
2022-10-24,2183071.5004042783,118.30715004042784,-3.141759070131643
2022-10-25,2148466.743754476,114.84667437544758,-0.6007339519090396
2022-10-26,2204830.641231191,120.48306412311906,-0.434153064028869
2022-10-27,2208525.6649516276,120.85256649516273,-4.766179843268685
2022-10-28,2112434.5592398318,111.24345592398316,-3.325117225358594
2022-10-31,2144399.5740958145,114.43995740958144,-1.2209708483386272
2022-11-01,2191072.820188443,119.1072820188443,0.0
2022-11-02,2220539.7298206794,122.05397298206795,0.0
2022-11-03,2226202.9412027905,122.62029412027906,0.0
2022-11-04,2247807.627111169,124.7807627111169,0.0
2022-11-07,2277749.5995581937,127.77495995581938,0.0
2022-11-08,2287647.5142015903,128.76475142015903,-0.04503624508453062
2022-11-09,2286617.2436604244,128.66172436604245,-0.24000230124801594
2022-11-10,2282157.107523063,128.2157107523063,0.0
2022-11-11,2294082.514878533,129.40825148785328,-0.2408311092577294
2022-11-14,2288557.650510663,128.8557650510663,0.0
2022-11-15,2317346.0107372818,131.7346010737282,0.0
2022-11-16,2328752.530366045,132.8752530366045,0.0
2022-11-17,2346252.9975981633,134.62529975981633,-0.632955603001356
2022-11-18,2331402.2577892784,133.14022577892786,0.0
2022-11-21,2348480.2466969998,134.84802466969995,-0.7527896162465505
2022-11-22,2330801.1312602633,133.08011312602633,-2.3000069242903707
2022-11-23,2294465.038407377,129.4465038407377,-0.22352857912357674
2022-11-24,2343230.72217056,134.323072217056,-1.411559700298753
2022-11-25,2315330.045965148,131.53300459651481,-0.9617652766208132
2022-11-28,2325893.3791559692,132.5893379155969,0.0
2022-11-29,2369881.3765289127,136.98813765289128,-0.7165475538712969
2022-11-30,2352900.049495743,135.2900049495743,-0.2992215887725565
2022-12-01,2362790.179822038,136.2790179822038,0.0
2022-12-02,2399746.0840132795,139.97460840132794,0.0
2022-12-05,2402281.626463995,140.22816264639948,-1.2069548107391423
2022-12-06,2373287.1728058853,137.32871728058856,-1.096249043762177
2022-12-07,2375946.637105409,137.5946637105409,-0.5678293731108234
2022-12-08,2388640.765764088,138.8640765764088,0.0
2022-12-09,2442393.0001290743,144.23930001290742,-1.9792254650785521
2022-12-12,2394052.5359132234,139.40525359132235,-1.255880488961638
2022-12-13,2411719.462976688,141.17194629766882,-1.5775979844233374
2022-12-14,2403861.857387341,140.38618573873413,-0.9563210191779606
2022-12-15,2419035.8824979085,141.90358824979086,-2.5465007320245716
2022-12-16,2380197.4445018703,138.01974445018703,-5.8483142030767254
2022-12-19,2299554.183407574,129.9554183407574,-5.1927526915667075
2022-12-20,2315565.571876235,131.55655718762347,-6.080485209819432
2022-12-21,2293883.654990561,129.3883654990561,-8.141866226647203
2022-12-22,2243536.6293295696,124.35366293295695,-7.273810308166897
2022-12-23,2264737.966319739,126.47379663197387,-7.0141922809233845
2022-12-26,2271078.8588442076,127.10788588442074,-7.1328488453108445
2022-12-27,2268180.7992214146,126.81807992214145,-8.537341184379152
2022-12-28,2233877.5766446614,123.38775766446615,-9.03490374359666
2022-12-29,2221725.14352707,122.172514352707,-8.677843091812218
2022-12-30,2230445.9678924684,123.04459678924684,-5.836784174616242
2023-01-03,2299835.792015606,129.98357920156062,-4.605019236309641
2023-01-04,2329920.332646851,132.9920332646851,-4.36293449753889
2023-01-05,2335832.9933609683,133.58329933609684,-4.877078759291574
2023-01-06,2323275.5699013555,132.32755699013558,-4.56706078546834
2023-01-09,2330847.427193156,133.08474271931559,-5.116370155430528
2023-01-10,2317431.1335921464,131.74311335921462,-6.539649660874734
2023-01-11,2282669.0545789055,128.26690545789057,-6.236763309367672
2023-01-12,2290066.7296264605,129.00667296264606,-6.084118810443886
2023-01-13,2293794.908183257,129.3794908183257,-2.5689935079550477
2023-01-16,2379648.0825170106,137.96480825170104,-1.9284293439868272
2023-01-17,2395293.1768191056,139.52931768191058,-1.3536984281068
2023-01-18,2409330.3644781373,140.93303644781372,-0.7346823224904547
2023-01-19,2424449.1705113826,142.44491705113825,0.0
2023-01-20,2444115.0614807247,144.41150614807245,0.0
2023-01-30,2486989.9669428235,148.69899669428236,0.0
2023-01-31,2537468.4723235173,153.7468472323517,0.0
2023-02-01,2622821.8694610726,162.28218694610726,-0.4514173038631308
2023-02-02,2610981.9976928188,161.09819976928188,-0.39803963719615515
2023-02-03,2612381.998807568,161.23819988075684,-0.47044305983391516
2023-02-06,2610482.9860043866,161.04829860043867,0.0
2023-02-07,2629804.015200064,162.98040152000638,-0.19583831052725878
2023-02-08,2624653.851446518,162.4653851446518,0.0
2023-02-09,2648310.7129200497,164.83107129200496,0.0
2023-02-10,2652892.710742744,165.28927107427444,0.0
2023-02-13,2679864.3114145817,167.98643114145818,0.0
2023-02-14,2680827.4383873204,168.08274383873206,-0.12747486627205526
2023-02-15,2677410.057195252,167.74100571952516,-2.652879809355586
2023-02-16,2609708.3085506787,160.97083085506787,-2.1197442010655676
2023-02-17,2624000.7542215306,162.40007542215307,-1.934589093396804
2023-02-20,2628964.4431514908,162.8964443151491,-1.6673308586285185
2023-02-21,2636129.1752405087,163.61291752405089,-1.4956693447235245
2023-02-22,2640731.124206425,164.07311242064253,-1.5279925725059358
2023-02-23,2639864.5942470618,163.98645942470614,-1.1901791291009314
2023-02-24,2648920.7897284245,164.89207897284243,-1.2890412524769084
2023-02-27,2646270.4667987893,164.62704667987893,0.0
2023-02-28,2686739.16837988,168.673916837988,0.0
2023-03-01,2716926.99024893,171.69269902489305,0.0
2023-03-02,2718446.1492710267,171.84461492710267,-0.5766991265227139
2023-03-03,2702768.89407319,170.276889407319,-1.0080373331178067
2023-03-06,2691043.197205671,169.1043197205671,-3.379559149532408
2023-03-07,2626574.653708226,162.6574653708226,-1.8684414473668798
2023-03-08,2667653.5746936975,166.76535746936975,-0.2743986536885975
2023-03-09,2710986.769636177,171.09867696361772,-1.2497281618540756
2023-03-10,2684472.9621787486,168.44729621787485,-2.0536821518027946
2023-03-13,2662617.905897077,166.26179058970774,-3.8386408330321498
2023-03-14,2614094.7653611186,161.40947653611187,-2.2753475837190833
2023-03-15,2656592.0504988837,165.65920504988836,-3.014497689786887
2023-03-16,2636498.6529031508,163.64986529031506,-2.9382640377004496
2023-03-17,2638571.023682743,163.85710236827427,-2.873690031682019
2023-03-20,2640326.433262781,164.03264332627808,-0.04640720922449037
2023-03-21,2717184.5942788785,171.71845942788786,0.0
2023-03-22,2756925.806425118,175.6925806425118,-0.7581777365473537
2023-03-23,2736023.408747674,173.60234087476738,-0.665679215426775
2023-03-24,2738573.5243470087,173.85735243470086,-1.6145370050531676
2023-03-27,2712414.2190785236,171.24142190785236,-2.7688099855828394
2023-03-28,2680591.7694017086,168.0591769401709,-4.289306786521281
2023-03-29,2638672.8007107684,163.86728007107683,-5.374774159959999
2023-03-30,2608747.2705721115,160.87472705721115,-4.509282532800882
2023-03-31,2632608.2325937096,163.26082325937094,-4.132850675218785
2023-04-03,2642986.179618996,164.29861796189962,-6.174661139217776
2023-04-04,2586694.9800187196,158.66949800187194,-6.994764106815269
2023-04-06,2564085.349665766,156.4085349665766,-6.394888667476738
2023-04-07,2580623.4704592964,158.06234704592964,-8.834183439138664
2023-04-10,2513373.92340457,151.33739234045703,-9.170925166462142
2023-04-11,2504090.2038229876,150.40902038229876,-8.230543564384144
2023-04-12,2530015.8268895503,153.00158268895504,-8.340726780199718
2023-04-13,2526978.1573783816,152.69781573783817,-7.871334319076019
2023-04-14,2539918.959272515,153.99189592725148,-8.111617638541261
2023-04-17,2533294.526429643,153.32945264296427,-9.139706507502758
2023-04-18,2504950.8790882593,150.4950879088259,-9.979113319327437
2023-04-19,2481809.0560721746,148.18090560721745,-11.533568399030166
2023-04-20,2438953.882830564,143.89538828305638,-14.201288335891327
2023-04-21,2365406.823448091,136.54068234480908,-14.088490717449014
2023-04-24,2368516.57009996,136.85165700999602,-16.15949092779355
2023-04-25,2311420.630849853,131.14206308498532,-13.67171814858476
2023-04-26,2380006.6806050795,138.00066806050796,-12.58984795027906
2023-04-27,2409833.039294192,140.98330392941924,-9.929753888742068
2023-04-28,2483169.858951887,148.3169858951887,-8.016976319544195
2023-05-04,2535903.717376614,153.5903717376614,-8.228748244231337
2023-05-05,2530065.322534151,153.0065322534151,-7.933202176489383
2023-05-08,2538213.3083456038,153.82133083456034,-9.308880146632273
2023-05-09,2500286.8873734293,150.02868873734295,-8.336337832528837
2023-05-10,2527099.157409351,152.70991574093506,-6.549899947918717
2023-05-11,2576349.9244659226,157.63499244659224,-7.174114992088605
2023-05-12,2559140.778825615,155.9140778825615,-6.358507054655529
2023-05-15,2581626.4845319595,158.16264845319594,-6.779681937041551
2023-05-16,2570015.0055092787,157.00150055092786,-5.148779196566258
2023-05-17,2614977.784039137,161.49777840391368,-4.448606569190517
2023-05-18,2634281.0238927836,163.42810238927834,-4.688590804234619
2023-05-19,2627664.8365855007,162.76648365855007,-3.731696635958111
2023-05-22,2654045.698850893,165.4045698850893,-3.843294096698344
2023-05-23,2650969.03965643,165.096903965643,-3.666595468375101
2023-05-24,2655840.489740273,165.58404897402733,-3.478913558473097
2023-05-25,2661014.740748353,166.10147407483527,-3.3382754621292734
2023-05-26,2664892.0287201204,166.48920287201204,-4.401224243504982
2023-05-29,2635587.319457292,163.55873194572922,-4.283476082458084
2023-05-30,2638833.5488957847,163.88335488957847,-5.003474423618013
2023-05-31,2618983.728822514,161.8983728822514,-4.821288148244656
2023-06-01,2624006.469264047,162.40064692640473,-3.599818018121028
2023-06-02,2657681.4944992,165.76814944992,-3.3912511151365337
2023-06-05,2663431.5292712413,166.34315292712412,-5.455919653908331
2023-06-06,2606510.149508701,160.65101495087012,-5.118025875289634
2023-06-07,2615825.630289745,161.5825630289745,-5.630715142642837
2023-06-08,2601691.1675713127,160.16911675713126,-6.81716993591879
2023-06-09,2568981.48919392,156.89814891939199,-5.5516207325217195
2023-06-12,2603871.7417753814,160.38717417753813,-4.352846385810752
2023-06-13,2636921.06110066,163.69210611006596,-5.0899049529178475
2023-06-14,2616600.9032556172,161.66009032556175,-5.958780112859978
2023-06-15,2592646.6597455554,159.26466597455553,-6.1342036453383635
2023-06-16,2587810.363108116,158.78103631081163,-6.911765402936286
2023-06-19,2566373.5623520063,156.63735623520063,-7.819059527855635
2023-06-20,2541360.136481926,154.13601364819257,-8.571368523034563
2023-06-21,2520619.5356497806,152.06195356497804,-9.591468477223136
2023-06-26,2492496.136761425,149.2496136761425,-6.546075610503069
2023-06-27,2576455.3586110603,157.645535861106,-5.915625898215563
2023-06-28,2593836.3894256474,159.38363894256474,-4.40192599506933
2023-06-29,2635567.972687318,163.55679726873177,-2.944852589946627
2023-06-30,2675738.405411703,167.57384054117028,-2.45593815606366
2023-07-03,2689217.4136107597,168.92174136107596,-2.079676217880854
2023-07-04,2699590.6760842768,169.95906760842766,-1.962044075215942
2023-07-05,2702833.7069820566,170.28337069820566,-1.5279267480926126
2023-07-06,2714801.999603683,171.48019996036828,-1.7325395876552594
2023-07-07,2709160.975426521,170.91609754265212,-1.7288701274573235
2023-07-10,2709262.1397216744,170.92621397216746,-1.214679544486837
2023-07-11,2723437.9925977956,172.34379925977956,-1.7691332805339806
2023-07-12,2708152.1144640236,170.81521144640237,-1.1139750794579537
2023-07-13,2726214.3399823993,172.62143399823992,-1.1933194414415962
2023-07-14,2724026.874790929,172.4026874790929,0.0
2023-07-17,2757965.4193575704,175.79654193575703,0.0
2023-07-18,2761518.2730947477,176.15182730947478,0.0
2023-07-19,2764539.8565965,176.45398565965002,-0.5446654902103688
2023-07-20,2749482.3620345076,174.94823620345076,-0.46053144491675774
2023-07-21,2751808.2812496163,175.18082812496166,-0.30478043428760543
2023-07-24,2756114.0800155113,175.61140800155113,0.0
2023-07-25,2793894.6717238594,179.38946717238596,0.0
2023-07-26,2868799.7779298415,186.87997779298416,-0.4905167100565606
2023-07-27,2854727.83564103,185.47278356410303,-1.1017874678604973
2023-07-28,2837191.7014986007,183.71917014986008,-2.5327181501322715
2023-07-31,2796141.165263258,179.61411652632577,-3.4349213874164684
2023-08-01,2770258.7607955732,177.02587607955732,-3.6227828723454882
2023-08-02,2764869.3909331136,176.48693909331135,-4.712536599504676
2023-08-03,2733606.5384283885,173.36065384283884,-5.670018458900479
2023-08-04,2706138.3009723234,170.61383009723232,-6.418110513326762
2023-08-07,2684677.0377762313,168.46770377762311,-5.533562383410677
2023-08-08,2710052.952562947,171.0052952562947,-6.703467069563912
2023-08-09,2676490.729524592,167.64907295245922,-5.589841536760738
2023-08-10,2708438.4163366198,170.843841633662,-6.354179269236836
2023-08-11,2686511.0971647114,168.65110971647113,-5.751161971002617
2023-08-14,2703810.456077333,170.3810456077333,-5.76471647228543
2023-08-15,2703421.6045746324,170.34216045746322,-6.50034985600694
2023-08-16,2682317.7556960518,168.2317755696052,-4.184966775261292
2023-08-17,2748741.460374708,174.8741460374708,-3.5798288439995947
2023-08-18,2766101.6560029127,176.61016560029128,-3.2623108603256568
2023-08-21,2775210.6112134377,177.52106112134376,-4.427319980032045
2023-08-22,2741788.8321744385,174.17888321744383,-5.010146020908434
2023-08-23,2725068.7200080594,172.5068720008059,-5.1231293893399625
2023-08-24,2721827.4533853983,172.18274533853983,-6.887342121707807
2023-08-25,2671215.7224370195,167.12157224370196,-4.87617050916742
2023-08-28,2728912.2091913656,172.89122091913657,0.0
2023-08-29,2876119.430353479,187.6119430353479,0.0
2023-08-30,2900479.042801639,190.0479042801639,0.0
2023-08-31,2902629.5422913097,190.26295422913097,0.0
2023-09-01,2919413.8211566857,191.94138211566857,0.0
2023-09-04,2984348.4032659573,198.43484032659572,-1.393527437229885
2023-09-05,2942760.689443914,194.27606894439143,-1.091885301405663
2023-09-06,2951762.741707962,195.1762741707962,-1.9885016457752598
2023-09-07,2925004.586151346,192.50045861513462,-3.0465108447753773
2023-09-08,2893429.9055145793,189.34299055145792,-3.0881779939352936
2023-09-11,2892186.412613939,189.2186412613939,-4.206773329744359
2023-09-12,2858803.630570714,185.88036305707138,-4.6236126045510915
2023-09-13,2846363.694328834,184.63636943288338,-4.980010652142039
2023-09-14,2835727.5348862824,183.57275348862822,-5.27947184472477
2023-09-15,2826790.5695670387,182.67905695670387,-3.1750090442348373
2023-09-18,2889595.071550786,188.9595071550786,-5.082101056230168
2023-09-19,2832680.8015419906,183.26808015419905,-5.35823621703395
2023-09-20,2824439.966279687,182.4439966279687,-5.791656960622191
2023-09-21,2811505.181238988,181.15051812389876,-4.202778094261909
2023-09-22,2858922.8623170415,185.89228623170416,-4.00636750878842
2023-09-25,2864784.4384884653,186.47844384884652,-4.40217705346019
2023-09-26,2852972.102662079,185.2972102662079,-3.642753864384602
2023-09-27,2875635.936479288,187.56359364792883,-2.5881231229651993
2023-09-28,2907109.79217119,190.71097921711902,-3.6498345109469934
2023-10-09,2875424.6253166622,187.54246253166622,-4.146076423288545
2023-10-10,2860615.0377293606,186.06150377293608,-4.567810038913893
2023-10-11,2848029.03730541,184.80290373054103,-4.420781534654389
2023-10-12,2852416.880124625,185.2416880124625,-6.476034106409176
2023-10-13,2791080.9828163786,179.10809828163787,-6.064762268444364
2023-10-16,2803354.7673457637,180.3354767345764,-6.040931388843526
2023-10-17,2804065.963820616,180.4065963820616,-8.187447187120474
2023-10-18,2740006.453868886,174.0006453868886,-8.14265546986684
2023-10-19,2741343.19476754,174.134319476754,-8.533877691469646
2023-10-20,2729667.760643915,172.96677606439147,-11.534996458945606
2023-10-23,2640103.920626631,164.01039206266307,-7.141768376890807
2023-10-24,2771213.1527452655,177.12131527452658,-4.29154014069104
2023-10-25,2856273.8936017286,185.62738936017286,-4.5326411330632626
2023-10-26,2849078.5999856098,184.90785999856095,-3.9952686482701663
2023-10-27,2865115.6671551233,186.51156671551234,-3.4738728733364135
2023-10-30,2880675.9336390547,188.06759336390547,-3.2061792331442454
2023-10-31,2888664.8445157744,188.86648445157746,-1.859849105810192
2023-11-01,2928844.026173557,192.88440261735573,-1.5115762033140232
2023-11-02,2939237.7029782096,193.92377029782097,-0.13339987990300897
2023-11-03,2980367.2860801155,198.03672860801154,0.0
2023-11-06,3041802.5060428083,204.18025060428081,0.0
2023-11-07,3049889.8300914587,204.98898300914584,-0.29626767802724396
2023-11-08,3040853.9923094576,204.08539923094574,-0.5229519118130052
2023-11-09,3033940.3729168046,203.39403729168043,-0.47215945088765937
2023-11-10,3035489.48701702,203.54894870170202,0.0
2023-11-13,3088972.024855702,208.8972024855702,-0.4327965710944952
2023-11-14,3075603.0598500585,207.56030598500584,-0.1902819004602925
2023-11-15,3083094.2701821197,208.30942701821198,-0.5560869656839339
2023-11-16,3071794.654051856,207.1794654051856,0.0
2023-11-17,3101884.823089402,210.1884823089402,0.0
2023-11-20,3134236.395807765,213.42363958077647,-0.4148138815377971
2023-11-21,3121235.148157744,212.12351481577443,-0.6257360470230708
2023-11-22,3114624.348880279,211.4624348880279,0.0
2023-11-23,3134938.2775042844,213.49382775042844,-1.0062353543626639
2023-11-24,3103393.4202185883,210.33934202185884,-1.4455329966323118
2023-11-27,3089621.710278903,208.9621710278903,0.0
2023-11-28,3136192.635275568,213.6192635275568,-0.45309346320627286
2023-11-29,3121982.751451578,212.1982751451578,-1.0317536156410319
2023-11-30,3103834.8543676445,210.38348543676446,-0.6400191678612918
2023-12-01,3116120.4012687504,211.61204012687503,0.0
2023-12-04,3140214.63522472,214.02146352247203,0.0
2023-12-05,3141932.1007904126,214.19321007904125,0.0
2023-12-06,3142325.033046582,214.2325033046582,-1.448190976705182
2023-12-07,3096818.165459253,209.68181654592527,-4.662682186898862
2023-12-08,2995808.403476255,199.5808403476255,-4.631097063588446
2023-12-11,2996800.9107127567,199.68009107127565,-3.7692121355253425
2023-12-12,3023884.1365633393,202.3884136563339,-3.3175424784400436
2023-12-13,3038077.0652646064,203.80770652646066,-3.20068792199114
2023-12-14,3041749.015244156,204.1749015244156,-2.5915572729456997
2023-12-15,3060889.88011307,206.08898801130698,-3.6642033373163927
2023-12-18,3027183.854316361,202.71838543163608,-3.3172402693352656
2023-12-19,3038086.561656958,203.80865616569582,-2.7694822577485523
2023-12-20,3055298.8987755654,205.52988987755657,-2.1813420771965553
2023-12-21,3073780.1748984563,207.37801748984563,-4.113611168810383
2023-12-22,3013061.999526853,201.30619995268532,-5.54520449210578
2023-12-25,2968076.684157518,196.8076684157518,-6.241904092158702
2023-12-26,2946184.11821992,194.61841182199197,-5.349002843362649
2023-12-27,2974241.977681224,197.42419776812235,-3.136090243621195
2023-12-28,3043778.8842623415,204.37788842623416,-1.2807864939425055
2023-12-29,3102078.558427547,210.2078558427547,0.0
2024-01-02,3194291.759376985,219.42917593769852,-1.078568265301561
2024-01-03,3159839.142159202,215.9839142159202,-0.6689516881616693
2024-01-04,3172923.490727824,217.2923490727824,-2.2362394716455536
2024-01-05,3122859.746214276,212.2859746214276,-3.5398424732740414
2024-01-08,3081218.8629582664,208.12188629582664,-2.020288956731955
2024-01-09,3129757.8357164934,212.97578357164934,-3.36209791223237
2024-01-10,3086896.5428243615,208.68965428243612,-2.0520149954118447
2024-01-11,3128744.413477365,212.8744413477365,-2.5437704852205085
2024-01-12,3113036.308390123,211.3036308390123,-3.475303775026402
2024-01-15,3083280.417278,208.32804172779998,-4.136272180400773
2024-01-16,3062167.157973041,206.2167157973041,-6.1765406257899595
2024-01-17,2996995.0311528053,199.69950311528052,-8.467294131869927
2024-01-18,2923821.680680454,192.38216806804536,-9.503443739987462
2024-01-19,2890724.0391335385,189.07240391335387,-15.887883262625824
2024-01-22,2686786.4135794938,168.6786413579494,-17.482536053053924
2024-01-23,2635848.550904174,163.5848550904174,-13.70368607195295
2024-01-24,2756556.044449701,175.6556044449701,-7.801204001339915
2024-01-25,2945098.5428299974,194.50985428299973,-3.9046167271935723
2024-01-26,3069566.909024986,206.9566909024986,-10.782159401933974
2024-01-29,2849878.1301181177,184.98781301181174,-14.557266016240215
2024-01-30,2729290.2106296383,172.92902106296384,-20.37937515383951
2024-01-31,2543315.0582253695,154.33150582253697,-22.462445773494775
2024-02-01,2476775.7050797185,147.67757050797186,-27.516212354853693
2024-02-02,2315343.655633223,131.53436556332227,-38.89240261062333
2024-02-05,1951954.9477621256,95.19549477621257,-41.49922914982496
2024-02-06,1868685.3024391555,86.86853024391554,-47.20288389683876
2024-02-07,1686493.9288719792,68.64939288719792,-41.129905507569674
2024-02-08,1880482.5771091469,88.0482577109147,-37.97264688377416
2024-02-19,1981334.629151266,98.13346291512661,-36.50777552960858
2024-02-20,2028126.8941028514,102.81268941028512,-33.066575789481014
2024-02-21,2138048.8538254485,113.80488538254485,-29.441072379312665
2024-02-22,2253858.0104923877,125.38580104923875,-26.40641482609128
2024-02-23,2350793.8266402497,135.07938266402496,-23.94980468096683
2024-02-26,2429265.122065979,142.92651220659792,-21.505233567121007
2024-02-27,2507351.8557076664,150.73518557076665,-29.586244994701776
2024-02-28,2249220.7736021415,124.92207736021416,-27.302141695922465
2024-02-29,2322181.697050707,132.2181697050707,-26.593160669237324
2024-03-01,2344828.619561657,134.48286195616566,-27.19029133768465
2024-03-04,2325754.5238267314,132.57545238267312,-28.395338706017544
2024-03-05,2287261.7950434843,128.72617950434844,-25.611917901532994
2024-03-06,2376172.376429919,137.6172376429919,-24.414053728641253
2024-03-07,2414435.6529931296,141.44356529931295,-23.155549627000337
2024-03-08,2454635.945803267,145.46359458032668,-20.186636671429792
2024-03-11,2549471.6876861327,154.94716876861327,-17.92269208019007
2024-03-12,2621788.6832009642,162.17886832009643,-16.909013635666746
2024-03-13,2654168.5302209537,165.41685302209538,-16.882249483136892
2024-03-14,2655023.4553396823,165.50234553396822,-14.181027612507865
2024-03-15,2741308.3629556745,174.13083629556746,-12.050761512945664
2024-03-18,2809355.277426792,180.93552774267917,-12.303004378360312
2024-03-19,2801297.9043632355,180.12979043632353,-10.416793514892298
2024-03-20,2861548.9825394675,186.15489825394675,-10.489112295077232
2024-03-21,2859238.9097035383,185.92389097035382,-12.131028066806737
2024-03-22,2806791.3295112713,180.67913295112712,-14.45495514344346
2024-03-25,2732558.318408334,173.2558318408334,-14.26465932922239
2024-03-26,2738636.921920437,173.8636921920437,-14.799098095931903
2024-03-27,2721565.3884365186,172.15653884365184,-12.386099460854236
2024-03-28,2798643.604990684,179.8643604990684,-12.632202090163954
2024-03-29,2790782.3689830336,179.07823689830335,-10.415849063260964
2024-04-01,2861579.151080098,186.1579151080098,-9.530689996637518
2024-04-02,2889853.714202629,188.9853714202629,-8.868745515430746
2024-04-03,2910998.1522174673,191.09981522174672,-13.339821390659154
2024-04-08,2768178.9439795534,176.81789439795534,-11.995351683465282
2024-04-09,2811125.2290437673,181.1125229043767,-15.042131407675877
2024-04-10,2713802.195386939,171.38021953869392,-14.62621049346103
2024-04-11,2727087.9228752293,172.70879228752293,-14.831737038218215
2024-04-12,2720522.8053927184,172.05228053927186,-23.113578339528363
2024-04-15,2455976.6311802883,145.59766311802883,-32.0603569371258
2024-04-16,2170190.4197075292,117.01904197075295,-23.83128757097115
2024-04-17,2433050.9043440237,143.3050904344024,-25.320208076448868
2024-04-18,2385490.4393338747,138.5490439333875,-26.265759110741723
2024-04-19,2355286.7805647543,135.52867805647543,-27.85827875828956
2024-04-22,2304417.056696674,130.44170566966739,-24.004221974655213
2024-04-23,2427526.8749380154,142.75268749380152,-22.2172256159096
2024-04-24,2484608.752365793,148.46087523657928,-21.099311921168276
2024-04-25,2520318.177393862,152.03181773938618,-21.371431014383173
2024-04-26,2511625.8996236073,151.16258996236073,-18.37454560239553
2024-04-29,2607355.1633766997,160.73551633767,-18.826212690315717
2024-04-30,2592927.598807447,159.2927598807447,-15.912831175613029
2024-05-06,2685989.5044508073,168.59895044508076,-14.466669641489242
2024-05-07,2732184.1231626035,173.21841231626033,-16.003921037833237
2024-05-08,2683079.8284882796,168.30798284882795,-14.322582098070443
2024-05-09,2736786.699688319,173.6786699688319,-14.721825894247226
2024-05-10,2724033.68800722,172.403368800722,-16.82130627848148
2024-05-13,2656970.159103889,165.6970159103889,-14.301418196092722
2024-05-14,2737462.736465156,173.74627364651562,-13.629532609675751
2024-05-15,2758924.722384515,175.89247223845152,-12.03274060072316
2024-05-16,2809930.917940878,180.9930917940878,-11.006987026604083
2024-05-17,2842696.4798304783,184.2696479830478,-11.858404517603065
2024-05-20,2815499.7210776033,181.54997210776034,-13.458611799626356
2024-05-21,2764384.431734983,176.4384431734983,-12.653930392886423
2024-05-22,2790088.3035997157,179.00883035997154,-15.374743473247538
2024-05-23,2703177.5955856894,170.31775955856892,-16.27625432436345
2024-05-24,2674380.7087586047,167.4380708758605,-14.937026917730961
2024-05-27,2717159.5394479847,171.71595394479846,-16.948630471122016
2024-05-28,2652903.05291068,165.290305291068,-15.69914937206393
2024-05-29,2692815.124692865,169.28151246928653,-16.889320474845366
2024-05-30,2654797.5872342316,165.47975872342317,-15.176010292199255
2024-05-31,2709525.7132110633,170.95257132110632,-17.546057288274135
2024-06-03,2633819.4973220816,163.38194973220817,-19.7422340717657
2024-06-04,2563667.20330566,156.366720330566,-22.056621620651686
2024-06-05,2489738.912551548,148.97389125515477,-26.794077689599867
2024-06-06,2338410.7437370312,133.84107437370312,-21.791872092237316
2024-06-07,2498195.784920678,149.81957849206782,-23.22446674261186
2024-06-11,2452434.5320584886,145.24345320584885,-20.350446622953474
2024-06-12,2544239.119903573,154.4239119903573,-21.178732398602985
2024-06-13,2517781.2556279087,151.77812556279088,-21.326201882093425
2024-06-14,2513070.6500691776,151.30706500691775,-22.724153012796297
2024-06-17,2468416.0123010185,146.84160123010184,-21.194285850126427
2024-06-18,2517284.433007597,151.7284433007597,-20.681263761522445
2024-06-19,2533671.8553076577,153.36718553076577,-22.901124923485654
2024-06-20,2462763.0131414565,146.27630131414566,-22.267458846831747
2024-06-21,2483004.15640998,148.30041564099798,-25.356046371530468
2024-06-24,2384345.659627383,138.4345659627383,-24.13097132054755
2024-06-25,2423478.131027114,142.34781310271143,-20.78213189176605
2024-06-26,2530449.8329354487,153.04498329354485,-21.573748845089426
2024-06-27,2505163.277829609,150.51632778296087,-21.717429114732933
2024-06-28,2500573.7108165356,150.05737108165357,-20.589628680103583
2024-07-01,2536598.9471621187,153.65989471621185,-19.5495293948663
2024-07-02,2569822.752919792,156.98227529197922,-20.260549817226938
2024-07-03,2547110.686160839,154.71106861608394,-23.686204468600387
2024-07-04,2437685.2819273025,143.76852819273026,-22.491346248181017
2024-07-05,2475852.539598397,147.5852539598397,-25.116522174332655
2024-07-08,2391996.761320187,139.19967613201868,-24.025522957319
2024-07-09,2426846.4594041216,142.68464594041217,-25.31264080565623
2024-07-10,2385732.1600412154,138.57321600412155,-22.51675930237789
2024-07-11,2475040.772502381,147.5040772502381,-22.377995657609446
2024-07-12,2479473.2881722306,147.94732881722305,-24.541480933130664
2024-07-15,2410365.2563009216,141.03652563009214,-25.019608522670257
2024-07-16,2395092.4661089503,139.50924661089502,-24.2472432480875
2024-07-17,2419764.066427237,141.97640664272367,-24.689728389690952
2024-07-18,2405629.8000125303,140.56298000125304,-24.34753376976231
2024-07-19,2416560.4945579423,141.65604945579423,-24.476266374737605
2024-07-22,2412448.399565585,141.2448399565585,-24.461903218875165
2024-07-23,2412907.200669686,141.2907200669686,-25.367731537256493
2024-07-24,2383972.4013415277,138.39724013415275,-24.81876397165205
2024-07-25,2401508.027051283,140.1508027051283,-23.2605987153469
2024-07-26,2451280.3714309135,145.12803714309132,-22.65781267003145
2024-07-29,2470535.116403099,147.05351164030992,-21.038663296317438
2024-07-30,2522255.47141965,152.22554714196502,-18.91006798371243
2024-07-31,2590249.0160806766,159.02490160806764,-17.774960386372875
2024-08-01,2626507.664522556,162.65076645225562,-19.139124872853078
2024-08-02,2582932.2707465715,158.29322707465712,-20.998252915796094
2024-08-05,2523546.2968745762,152.35462968745762,-18.36025562681224
2024-08-06,2607811.6268891757,160.78116268891756,-19.244496859980185
2024-08-07,2579566.3820450786,157.95663820450784,-18.860976924758788
2024-08-08,2591817.1277314234,159.18171277314235,-18.96436563819012
2024-08-09,2588514.5905781607,158.85145905781604,-20.29729824729522
2024-08-12,2545936.8340874678,154.59368340874678,-18.940931988682745
2024-08-13,2589263.129713296,158.9263129713296,-19.08535905680941
2024-08-14,2584649.7077778163,158.46497077778164,-18.657697050198813
2024-08-15,2598310.480012965,159.8310480012965,-19.765498487676254
2024-08-16,2562924.069985363,156.2924069985363,-19.61065937543714
2024-08-19,2567870.0829879097,156.78700829879097,-21.669742817350635
2024-08-20,2502096.950284171,150.2096950284171,-21.90227773241534
2024-08-21,2494669.106654585,149.46691066545847,-22.728610537570308
2024-08-22,2468273.625954491,146.82736259544913,-24.451222729806766
2024-08-23,2413248.3666518587,141.32483666518584,-22.759843467474738
2024-08-26,2467275.9550483422,146.7275955048342,-23.646902080245518
2024-08-27,2438940.7148797614,143.89407148797613,-22.137680314574993
2024-08-28,2487149.661371299,148.71496613712992,-21.671448011977475
2024-08-29,2502042.481392725,150.20424813927252,-20.322621322687205
2024-08-30,2545127.941177001,154.5127941177001,-20.96704263944661
2024-09-02,2524543.244160087,152.4543244160087,-20.841915473508514
2024-09-03,2528540.1709103896,152.85401709103894,-22.550773014567735
2024-09-04,2473954.2752968427,147.39542752968427,-21.20667246491637
2024-09-05,2516888.768392097,151.68887683920974,-22.54616740454731
2024-09-06,2474101.3919181945,147.41013919181944,-22.450181993232267
2024-09-09,2477167.446002035,147.7167446002035,-21.4083881865389
2024-09-10,2510445.3797189407,151.04453797189404,-22.64618477264004
2024-09-11,2470906.5453712624,147.09065453712623,-22.59881568445187
2024-09-12,2472419.652251749,147.2419652251749,-23.519353411326712
2024-09-13,2443014.9915002296,144.30149915002298,-24.50220921374582
2024-09-18,2411619.7095969976,141.16197095969974,-21.734624767854637
2024-09-19,2500024.431485899,150.0024431485899,-22.452909564085573
2024-09-20,2477080.3194310362,147.70803194310363,-22.000258531447397
2024-09-23,2491539.3140653325,149.15393140653325,-19.68617061614782
2024-09-24,2565458.033648486,156.54580336484858,-18.691597858427652
2024-09-25,2597227.58928935,159.72275892893498,-16.780551934414206
2024-09-26,2658271.9717580215,165.82719717580216,-13.71345168291045
2024-09-27,2756244.102343637,175.6244102343637,-4.617234880739823
2024-09-30,3046803.8060704386,204.68038060704384,0.0
2024-10-08,3266098.9812044306,226.60989812044306,-11.59238701250344
2024-10-09,2887480.147091781,188.74801470917805,-9.704983789535806
2024-10-10,2949124.604528346,194.91246045283458,-13.095606037029128
2024-10-11,2838383.5258464757,183.83835258464757,-8.9129636503809
2024-10-14,2974992.766224218,197.4992766224218,-9.790451824938277
2024-10-15,2946333.1338948105,194.63331338948103,-7.728141725407207
2024-10-16,3013690.223044871,201.3690223044871,-8.681598253444285
2024-10-17,2982549.389096425,198.2549389096425,-7.242130792865815
2024-10-18,3029563.8211611477,202.95638211611475,-7.022834461494281
2024-10-21,3036726.256405892,203.6726256405892,-5.062034348246932
2024-10-22,3100767.9289281187,210.07679289281188,-4.154360864218308
2024-10-23,3130413.4433426405,213.04134433426407,-4.3684801011864565
2024-10-24,3123420.0971254613,212.34200971254614,-1.388909708192083
2024-10-25,3220735.815375319,222.0735815375319,0.0
2024-10-28,3376602.9055725895,237.66029055725895,-1.6517589803869057
2024-10-29,3320829.563847789,232.08295638477892,-3.2207579946008162
2024-10-30,3267850.6975454367,226.78506975454366,-0.3407600297961432
2024-10-31,3365096.792505462,236.5096792505462,-3.2162450387865333
2024-11-01,3268003.082142588,226.8003082142588,-1.7206751441115782
2024-11-04,3318502.5386610515,231.85025386610513,-0.236634856309432
2024-11-05,3368612.6861388464,236.86126861388465,0.0
2024-11-06,3424001.603220837,242.40016032208374,0.0
2024-11-07,3506853.5893625496,250.68535893625494,-1.064523572339156
2024-11-08,3469522.306256363,246.95223062563633,0.0
2024-11-11,3551779.234651573,255.1779234651573,-0.5494416592050847
2024-11-12,3532264.2798934015,253.22642798934015,0.0
2024-11-13,3567735.7195096584,256.77357195096585,-2.990771631325914
2024-11-14,3461032.891729882,246.10328917298818,-4.699650750961586
2024-11-15,3400064.600975398,240.0064600975398,-6.6786055474582495
2024-11-18,3329460.723827837,232.94607238278368,-5.037117273024052
2024-11-19,3388024.687326389,238.80246873263889,-1.8593549561880258
2024-11-20,3501398.848585265,250.13988485852653,-0.8792327791818297
2024-11-21,3536367.017589151,253.63670175891508,-5.292075978644772
2024-11-22,3378928.4345159587,237.89284345159584,-2.1492107683668067
2024-11-25,3491057.559239088,249.1057559239088,-2.2942476160142897
2024-11-26,3485883.027819118,248.5883027819118,-1.9713048721120987
2024-11-27,3497404.7714468814,249.74047714468816,0.0
2024-11-28,3575673.755409122,257.5673755409122,0.0
2024-11-29,3619027.852118652,261.90278521186514,0.0
2024-12-02,3662508.005284012,266.25080052840116,0.0
2024-12-03,3667507.021861955,266.7507021861955,-2.1744313702669515
2024-12-04,3587759.5986718456,258.77595986718455,-0.5686883379461457
2024-12-05,3646650.3371352702,264.665033713527,0.0
2024-12-06,3677366.205304574,267.73662053045746,0.0
2024-12-09,3693127.313781243,269.3127313781243,0.0
2024-12-10,3698845.570890863,269.8845570890863,0.0
2024-12-11,3731449.8763503893,273.1449876350389,0.0
2024-12-12,3893030.4105931935,289.30304105931936,0.0
2024-12-13,3936504.253712533,293.6504253712533,0.0
2024-12-16,4050408.9228901113,305.0408922890111,-6.116836808874972
2024-12-17,3802652.018984813,280.2652018984813,-7.1819006376140235
2024-12-18,3759512.578631091,275.9512578631091,-7.96929604312301
2024-12-19,3727619.8448679284,272.7619844867928,-6.270044907151252
2024-12-20,3796446.4645016403,279.64464645016403,-13.137064402641375
2024-12-23,3518304.094119705,251.83040941197046,-12.800820771897856
2024-12-24,3531923.33614199,253.19233361419901,-15.449216483834071
2024-12-25,3424652.4799122866,242.4652479912287,-14.056180642205963
2024-12-26,3481076.1279406487,248.10761279406486,-12.472349341533844
2024-12-27,3545227.7722665984,254.52277722665983,-14.106526754072036
2024-12-30,3479036.904533297,247.9036904533297,-16.078101419103803
2024-12-31,3399180.0683794096,239.91800683794096,-16.811124707491203
2025-01-02,3369489.627699704,236.9489627699704,-20.91561532312241
2025-01-03,3203240.97356499,220.324097356499,-21.25322138875825
2025-01-06,3189566.5473582577,218.95665473582574,-18.236968221387468
2025-01-07,3311737.134786399,231.17371347863988,-18.385826271798784
2025-01-08,3305707.775030099,230.57077750300988,-18.208235609674432
2025-01-09,3312900.9230550034,231.29009230550034,-20.973688943226808
2025-01-10,3200888.754474436,220.08887544744357,-20.3617766548775
2025-01-13,3225673.7044019974,222.5673704401997,-15.95013794917865
2025-01-14,3404363.112183297,240.43631121832968,-16.481780987961105
2025-01-15,3382829.3951025284,238.28293951025285,-16.54467893017885
2025-01-16,3380281.7712386264,238.02817712386263,-15.890331868832913
2025-01-17,3406785.5029980517,240.67855029980518,-13.768026442499478
2025-01-20,3492747.5513572423,249.2747551357242,-14.947600155077648
2025-01-21,3444969.9924509097,244.496999245091,-15.562805790011442
2025-01-22,3420051.6485194284,242.00516485194282,-14.92761815068764
2025-01-23,3445779.345339695,244.5779345339695,-14.323236551500862
2025-01-24,3470259.2715614624,247.02592715614625,-14.016908689017413
2025-01-27,3482666.8026367906,248.26668026367904,-11.539398157353448
2025-02-05,3583016.11027685,258.301611027685,-10.515435750632427
2025-02-06,3624490.774965719,262.4490774965719,-10.581486884293863
2025-02-07,3621815.433954226,262.1815433954226,-8.68647072494622
2025-02-10,3698571.3375626523,269.8571337562652,-8.360867667217924
2025-02-11,3711759.592866082,271.17595928660825,-8.426834147055008
2025-02-12,3709087.6806806447,270.90876806806443,-10.058003709263867
2025-02-13,3643018.6431854693,264.30186431854696,-10.105419039160118
2025-02-14,3641098.1284325337,264.1098128432534,-8.262802367246106
2025-02-17,3715731.638526399,271.57316385263994,-10.97118505137284
2025-02-18,3606031.064622519,260.6031064622519,-9.306173393921831
2025-02-19,3673470.8453630754,267.34708453630753,-8.29811015961315
2025-02-20,3714301.5285538887,271.4301528553888,-8.96753937069941
2025-02-21,3687186.908055618,268.7186908055618,-7.753310334497375
2025-02-24,3736368.1492822673,273.6368149282267,-8.783682419369832
2025-02-25,3694633.8664176245,269.46338664176244,-7.4862520298057165
2025-02-26,3747185.1026848173,274.71851026848174,-7.855302413050824
2025-02-27,3732237.053031897,273.2237053031897,-9.940988619610737
2025-02-28,3647758.2328179064,264.7758232817906,-9.069936478018827
2025-03-03,3683039.4064839706,268.30394064839703,-8.054172584571816
2025-03-04,3724181.9978596447,272.4181997859645,-8.902546468330387
2025-03-05,3689819.386372418,268.9819386372418,-6.870296534634774
2025-03-06,3772133.819022254,277.2133819022254,-7.862838822676144
2025-03-07,3731931.7976239687,273.1931797623969,-7.076972241669203
2025-03-10,3763762.607743085,276.3762607743085,-6.2119765784897245
2025-03-11,3798798.469267119,279.87984692671193,-6.070198459722544
2025-03-12,3804541.062840371,280.4541062840371,-7.076877228988447
2025-03-13,3763766.456145184,276.37664561451845,-4.995188124279533
2025-03-14,3848083.377389145,284.80833773891453,-4.7782221398090865
2025-03-17,3856871.3869837723,285.6871386983772,-3.7983237726292014
2025-03-18,3896561.2778832805,289.65612778832804,-4.6588667945739815
2025-03-19,3861705.766537121,286.1705766537121,-4.463385753889472
2025-03-20,3869623.548051565,286.9623548051565,-6.036945155314872
2025-03-21,3805887.9576492542,280.5887957649254,-11.587353259028896
2025-03-24,3581073.7325596055,258.1073732559605,-11.649074057129367
2025-03-25,3578573.787846065,257.8573787846065,-8.360887857605265
2025-03-26,3711758.7750728303,271.1758775072831,-9.050873838405526
2025-03-27,3683811.521339806,268.3811521339806,-9.70019535907198
2025-03-28,3657511.344528486,265.7511344528486,-10.653784452998572
2025-03-31,3618887.0867803763,261.88870867803763,-8.554739113999219
2025-04-01,3703907.006486715,270.3907006486715,-7.897879447203664
2025-04-02,3730512.509041468,273.0512509041468,-7.435891745337766
2025-04-03,3749224.9001404997,274.92249001404997,-19.152963217277907
2025-04-07,3274635.5917396247,227.4635591739625,-19.20387531166517
2025-04-08,3272573.443725733,227.2573443725733,-16.776744755297276
2025-04-09,3370882.1563510504,237.08821563510503,-14.065517589535586
2025-04-10,3480697.943392882,248.06979433928822,-14.538068283194114
2025-04-11,3461557.7079317584,246.15577079317586,-12.431122720153203
2025-04-14,3546897.6190176043,254.68976190176042,-11.668730058897712
2025-04-15,3577777.6393965557,257.7777639396556,-13.112981633776958
2025-04-16,3519279.5447386657,251.92795447386658,-10.635641516663528
2025-04-17,3619621.9498925647,261.96219498925643,-11.051739166747353
2025-04-18,3602768.2935456336,260.2768293545634,-10.105354464876006
2025-04-21,3641100.7439550976,264.1100743955098,-9.418567514795276
2025-04-22,3668918.4238624126,266.89184238624125,-8.921961956516789
2025-04-23,3689032.9797064923,268.90329797064925,-9.67893792314439
2025-04-24,3658372.3576100743,265.83723576100743,-9.345930456676712
2025-04-25,3671860.521745771,267.1860521745771,-9.359288706937237
2025-04-28,3671319.457985277,267.1319457985277,-6.6619485714548965
2025-04-29,3780572.7635135497,278.057276351355,-5.090287011796891
2025-04-30,3844231.4835635712,284.4231483563571,-1.8384503828554932
2025-05-06,3975944.164540023,297.5944164540023,-0.5951381172296201
2025-05-07,4026303.395486321,302.63033954863204,0.0
2025-05-08,4110746.796177973,311.0746796177973,0.0
2025-05-09,4135889.564260789,313.5889564260789,0.0
2025-05-12,4136412.6175829615,313.64126175829614,-0.2667634470101851
2025-05-13,4125378.1807017326,312.5378180701732,-1.1542080533693453
2025-05-14,4088669.8100302326,308.8669810030233,0.0
2025-05-15,4146233.2458973033,314.6233245897303,0.0
2025-05-16,4158184.7160232775,315.81847160232775,0.0
2025-05-19,4227477.188878931,322.74771888789314,0.0
2025-05-20,4387069.664438778,338.7069664438777,-0.19771575872754016
2025-05-21,4378395.736365827,337.8395736365827,-0.8600400034123663
2025-05-22,4349339.110347035,334.9339110347035,-1.831465410021487
2025-05-23,4306722.001021036,330.6722001021036,-3.5363723498626647
2025-05-26,4231926.545856352,323.1926545856352,-2.703105002254885
2025-05-27,4268482.564886927,326.84825648869264,-3.392544260768948
2025-05-28,4238236.384321925,323.8236384321925,-2.0511644828377533
2025-05-29,4297083.649644461,329.70836496444616,-2.866201160012961
2025-05-30,4261327.422826058,326.1327422826058,-2.0530856401148467
2025-06-03,4296999.367136353,329.6999367136353,-0.9322059142326788
2025-06-04,4346173.141565374,334.6173141565374,-0.845080948246545
2025-06-05,4349995.374518304,334.9995374518304,0.0
2025-06-06,4429366.450183094,342.9366450183093,0.0
2025-06-09,4475401.507041092,347.54015070410924,-1.3571640086455627
2025-06-10,4414662.968545149,341.4662968545149,-0.47232496543007757
2025-06-11,4454263.068420103,345.42630684201026,-0.3074845829016144
2025-06-12,4461640.337383995,346.16403373839944,-3.2702093428736174
2025-06-13,4329046.508826728,332.90465088267285,-2.298360211702023
2025-06-16,4372540.659489348,337.25406594893474,-2.9744387835165957
2025-06-17,4342283.428897576,334.22834288975764,-4.18418640029464
2025-06-18,4288142.365824898,328.8142365824898,-6.901242381356409
2025-06-19,4166543.201501309,316.6543201501309,-5.893329051338664
2025-06-20,4211651.369862591,321.1651369862591,-4.028302515313682
2025-06-23,4295118.795562569,329.51187955625693,-0.43541643228632315
2025-06-24,4455914.873468645,345.5914873468645,-0.4013047022188707
2025-06-25,4457441.510350161,345.74415103501616,-0.19193656782134985
2025-06-26,4466811.574992252,346.6811574992252,0.0
2025-06-27,4521874.599597046,352.1874599597046,0.0
2025-06-30,4579803.289372335,357.9803289372335,0.0
2025-07-01,4620947.556465129,362.0947556465129,0.0
2025-07-02,4622504.486303747,362.25044863037465,0.0
2025-07-03,4633611.011069529,363.36110110695284,-1.0192937713492563
2025-07-04,4586380.902645144,358.63809026451435,0.0
2025-07-07,4665805.9073626045,366.58059073626043,0.0
2025-07-08,4686683.035528664,368.6683035528664,-0.0289929745006147
2025-07-09,4685324.226711248,368.53242267112483,0.0
2025-07-10,4696193.894268595,369.6193894268594,-0.8460238397490322
2025-07-11,4656462.974362244,365.64629743622436,0.0
2025-07-14,4721005.377668083,372.10053776680826,-1.2306794235580452
2025-07-15,4662904.935900053,366.29049359000527,-0.41463285968164143
2025-07-16,4701430.538064933,370.1430538064933,-0.1846057735361097
2025-07-17,4712290.129171956,371.22901291719563,0.0
2025-07-18,4729066.409074613,372.9066409074613,0.0
2025-07-21,4863237.602550882,386.3237602550882,0.0
2025-07-22,4891614.442024589,389.1614442024588,0.0
2025-07-23,4987046.143438807,398.7046143438807,0.0
2025-07-24,5082593.431840764,408.25934318407644,-1.357908644677038
2025-07-25,5013576.4562560115,401.3576456256011,-2.5692186833798165
2025-07-28,4952010.491789676,395.2010491789676,-1.6093829529217623
2025-07-29,5000795.039582398,400.0795039582398,-1.442178804185642
2025-07-30,5009293.346663825,400.92933466638254,-2.8769510316077507
2025-07-31,4936369.707670993,393.6369707670993,-2.539528545820924
2025-08-01,4953519.520771149,395.3519520771149,-1.5173971832137292
2025-08-04,5005470.302271807,400.54703022718064,0.0
2025-08-05,5093321.662550591,409.33216625505906,0.0
2025-08-06,5120621.067059905,412.0621067059905,-0.7373246444038873
2025-08-07,5082865.465985935,408.28654659859353,0.0
2025-08-08,5141753.053453811,414.17530534538116,0.0
2025-08-11,5264143.633085436,426.4143633085436,-0.1681801065384466
2025-08-12,5255290.390714976,425.52903907149766,-1.6686095942693626
2025-08-13,5176305.627367653,417.6305627367653,-3.6397959088996386
2025-08-14,5072539.548489792,407.2539548489792,-4.695274660755853
2025-08-15,5016977.630975383,401.69776309753837,-4.228164019359667
2025-08-18,5041567.006063905,404.1567006063905,-2.154474661119322
2025-08-19,5150728.992385684,415.07289923856837,-1.78617319967186
2025-08-20,5170116.910319031,417.01169103190307,-1.1944225469591732
2025-08-21,5201267.514627548,420.12675146275484,-2.836136152585876
2025-08-22,5114845.3523834525,411.4845352383452,-3.074047527869424
2025-08-25,5102321.355869078,410.2321355869078,-2.041656255110353
2025-08-26,5156667.915322555,415.6667915322555,-7.0869768102845025
2025-08-27,4891074.994548605,389.1074994548605,-8.1396883840312
2025-08-28,4835658.745264464,383.5658745264464,-9.102797549122894
