date,stock_code,action,quantity,price,amount,commission,total_cost,position_ratio,net_amount,avg_cost,return_rate,holding_days
2020-01-10,002916.SZ,buy,1300,151.37,196781.0,196.781,196977.781,19.6781,,,,
2020-01-10,603127.SH,buy,2900,66.77,193633.0,193.633,193826.633,19.3633,,,,
2020-01-10,300497.SZ,buy,10400,18.95,197080.0,197.08,197277.08,19.708000000000002,,,,
2020-01-10,002463.SZ,buy,8400,23.39,196476.0,196.476,196672.476,19.6476,,,,
2020-01-10,002123.SZ,buy,10100,19.49,196848.99999999997,196.84899999999996,197045.84899999996,19.684899999999995,,,,
2020-02-05,002916.SZ,sell,1300,165.0,214500.0,214.5,,21.500091321262012,214285.5,151.37,9.00442624033824,12.0
2020-02-05,300497.SZ,sell,10400,19.9,206959.99999999997,206.95999999999998,,20.744330535423707,206753.03999999998,18.95,5.0131926121372,12.0
2020-02-05,002463.SZ,sell,8400,20.78,174552.0,174.552,,17.49596242568264,174377.448,23.39,-11.158614792646429,12.0
2020-02-05,002123.SZ,sell,10100,17.87,180487.0,180.487,,18.090848402333876,180306.513,19.49,-8.311954848640315,12.0
2020-02-05,300016.SZ,buy,20300,9.7,196910.0,196.91,197106.91,19.736983599392552,,,,
2020-02-05,300433.SZ,buy,9900,19.85,196515.0,196.51500000000001,196711.515,19.69739135663312,,,,
2020-02-05,603606.SH,buy,18300,10.78,197274.0,197.274,197471.274,19.773468602846815,,,,
2020-02-05,300659.SZ,buy,2500,77.74,194350.0,194.35,194544.35,19.48038577290103,,,,
2020-02-27,603127.SH,sell,2900,74.49,216020.99999999997,216.021,,20.143120995686807,215804.97899999996,66.77,11.562078777894264,28.0
2020-02-27,300016.SZ,sell,20300,10.4,211120.0,211.12,,19.686121740985367,210908.88,9.7,7.216494845360836,16.0
2020-02-27,300433.SZ,sell,9900,21.9,216810.0,216.81,,20.21669218768017,216593.19,19.85,10.327455919395451,16.0
2020-02-27,603606.SH,sell,18300,11.77,215391.0,215.391,,20.084375937441166,215175.609,10.78,9.183673469387758,16.0
2020-02-27,300659.SZ,sell,2500,82.0,205000.0,205.0,,19.115455460884803,204795.0,77.74,5.479804476460002,16.0
2020-02-27,600697.SH,buy,13400,15.73,210782.0,210.782,210992.782,19.654604551005956,,,,
2020-02-27,002133.SZ,buy,69300,3.06,212058.0,212.058,212270.058,19.77358660548444,,,,
2020-02-27,600325.SH,buy,30200,7.02,212004.0,212.004,212216.004,19.768551314777667,,,,
2020-02-27,000059.SZ,buy,35500,5.96,211580.0,211.58,211791.58,19.729014958117105,,,,
2020-02-27,600743.SH,buy,94200,2.25,211950.0,211.95000000000002,212161.95,19.7635160240709,,,,
2020-03-03,600697.SH,sell,13400,15.63,209442.0,209.442,,19.337541933473346,209232.558,15.73,-0.6357279084551789,3.0
2020-03-03,002133.SZ,sell,69300,3.07,212751.0,212.751,,19.643058144442794,212538.249,3.06,0.32679738562090804,3.0
2020-03-03,000059.SZ,sell,35500,6.2,220100.0,220.1,,20.321582965964243,219879.9,5.96,4.026845637583897,3.0
2020-03-03,600743.SH,sell,94200,2.27,213834.0,213.834,,19.74305030415265,213620.166,2.25,0.8888888888888897,3.0
2020-03-03,600325.SH,rebalance_sell,100,7.12,712.0,0.712,,0.06573815116659038,711.288,7.02,1.4245014245014322,3.0
2020-03-03,601717.SH,buy,33900,6.32,214248.0,214.248,214462.248,19.78127445384783,,,,
2020-03-03,000039.SZ,buy,25700,8.31,213567.0,213.567,213780.567,19.718398497465177,,,,
2020-03-03,600623.SH,buy,35700,5.99,213843.0,213.84300000000002,214056.843,19.743881263928632,,,,
2020-03-03,000830.SZ,buy,22800,9.38,213864.00000000003,213.86400000000003,214077.86400000003,19.74582017007259,,,,
2020-03-23,600325.SH,sell,30100,6.12,184212.0,184.21200000000002,,19.363412905945747,184027.788,7.02,-12.820512820512814,17.0
2020-03-23,601717.SH,sell,33900,5.6,189840.0,189.84,,19.954999164358135,189650.16,6.32,-11.392405063291148,14.0
2020-03-23,000039.SZ,sell,25700,7.49,192493.0,192.493,,20.23386880607243,192300.507,8.31,-9.867629362214203,14.0
2020-03-23,600623.SH,sell,35700,5.41,193137.0,193.137,,20.301562756040017,192943.863,5.99,-9.68280467445743,14.0
2020-03-23,000830.SZ,sell,22800,7.9,180120.0,180.12,,18.9332830250958,179939.88,9.38,-15.778251599147126,14.0
2020-03-23,000620.SZ,buy,66000,2.85,188100.0,188.1,188288.1,19.77209936165068,,,,
2020-03-23,600551.SH,buy,25400,7.39,187706.0,187.70600000000002,187893.706,19.730684118968647,,,,
2020-03-23,300421.SZ,buy,32500,5.79,188175.0,188.175,188363.175,19.779982973836347,,,,
2020-03-23,600671.SH,buy,17400,10.76,187224.0,187.22400000000002,187411.224,19.6800187713221,,,,
2020-03-23,002462.SZ,buy,12600,14.93,188118.0,188.118,188306.118,19.77399142857524,,,,
2020-04-13,000620.SZ,sell,66000,3.03,199980.0,199.98000000000002,,20.171994934172353,199780.02,2.85,6.315789473684201,14.0
2020-04-13,600551.SH,sell,25400,7.47,189738.0,189.738,,19.13888376247622,189548.262,7.39,1.0825439783491213,14.0
2020-04-13,300421.SZ,sell,32500,5.84,189800.0,189.8,,19.145137706300194,189610.2,5.79,0.8635578583765081,14.0
2020-04-13,600671.SH,sell,17400,12.16,211584.0,211.584,,21.342491129872602,211372.416,10.76,13.01115241635688,14.0
2020-04-13,002462.SZ,sell,12600,15.09,190134.0,190.13400000000001,,19.17882830690032,189943.866,14.93,1.071667782987275,14.0
2020-04-13,000900.SZ,buy,50900,3.85,195965.0,195.965,196160.965,19.76700163653908,,,,
2020-04-13,603579.SH,buy,7100,27.32,193972.0,193.972,194165.972,19.56596760361676,,,,
2020-04-13,603609.SH,buy,14700,13.28,195216.0,195.216,195411.216,19.691449960342986,,,,
2020-04-13,002746.SZ,buy,13000,15.01,195130.0,195.13,195325.13,19.68277513503876,,,,
2020-04-13,002659.SZ,buy,37200,5.27,196043.99999999997,196.04399999999998,196240.04399999997,19.774970371411563,,,,
2020-05-13,000900.SZ,sell,50900,3.78,192402.0,192.40200000000002,,18.809881231826996,192209.598,3.85,-1.8181818181818254,19.0
2020-05-13,603579.SH,sell,7100,29.855387855387857,211973.2537732538,211.9732537732538,,20.723234310448056,211761.28051948053,27.32,9.280336220306943,19.0
2020-05-13,603609.SH,sell,14700,15.1,221970.0,221.97,,21.700550602533433,221748.03,13.28,13.704819277108438,19.0
2020-05-13,002746.SZ,sell,13000,14.043242320819113,182562.15017064847,182.56215017064847,,17.84790367115135,182379.58802047782,15.01,-6.440757356301711,19.0
2020-05-13,002659.SZ,sell,37200,5.4,200880.0,200.88,,19.638719669490996,200679.12,5.27,2.4667931688804705,19.0
2020-05-13,300677.SZ,buy,3600,55.01,198036.0,198.036,198234.036,19.360680448363794,,,,
2020-05-13,603444.SH,buy,400,428.0,171200.0,171.20000000000002,171371.2,16.737100793592486,,,,
2020-05-13,002531.SZ,buy,33700,5.99,201863.0,201.863,202064.863,19.73482113023925,,,,
2020-05-13,300607.SZ,buy,2800,69.79,195412.00000000003,195.41200000000003,195607.41200000004,19.10414918386387,,,,
2020-05-13,603233.SH,buy,2800,70.36,197008.0,197.008,197205.008,19.260179632850864,,,,
2020-05-20,300677.SZ,sell,3600,65.01,234036.00000000003,234.03600000000003,,21.2314296262205,233801.96400000004,55.01,18.178512997636805,5.0
2020-05-20,603233.SH,sell,2800,76.0,212800.0,212.8,,19.304928406141457,212587.2,70.36,8.015918135304151,5.0
2020-05-20,603444.SH,rebalance_buy,100,429.83556187766715,42983.55618776671,42.983556187766716,43026.53974395448,3.899410126156931,,,,
2020-05-20,002531.SZ,rebalance_buy,2000,6.1,12200.0,12.200000000000001,12212.2,1.1067675120062301,,,,
2020-05-20,603208.SH,buy,1600,133.51,213616.0,213.616,213829.616,19.37895482333794,,,,
2020-05-20,002601.SZ,buy,12500,17.42,217750.00000000003,217.75000000000003,217967.75000000003,19.753985716340708,,,,
2020-06-11,603444.SH,sell,500,421.77108582266476,210885.5429113324,210.8855429113324,,19.447546174313914,210674.65736842106,428.36711237553345,-1.5398069464973778,21.0
2020-06-11,002531.SZ,sell,35700,5.89,210273.0,210.273,,19.391058392423172,210062.727,5.996162464985995,-1.770506813414751,21.0
2020-06-11,300607.SZ,sell,2800,72.62,203336.0,203.336,,18.751338732418134,203132.664,69.79,4.055022209485597,21.0
2020-06-11,603208.SH,sell,1600,144.11921832884096,230590.74932614554,230.59074932614556,,21.264730540468353,230360.1585768194,133.51,7.946384786788231,16.0
2020-06-11,002601.SZ,sell,12500,17.004634146341466,212557.92682926834,212.55792682926835,,19.601770892690716,212345.36890243908,17.42,-2.3844193665817186,16.0
2020-06-11,002697.SZ,buy,21000,10.196410256410255,214124.61538461535,214.12461538461534,214338.73999999996,19.74624854440765,,,,
2020-06-11,002216.SZ,buy,9500,22.39682068673166,212769.7965239508,212.7697965239508,212982.56632047475,19.621309195854565,,,,
2020-06-11,002605.SZ,buy,5700,37.0,210900.0,210.9,211110.9,19.448879385189954,,,,
2020-06-11,002847.SZ,buy,2200,93.8672641509434,206507.98113207548,206.50798113207549,206714.48911320756,19.04385404038321,,,,
2020-06-11,002443.SZ,buy,33700,6.36,214332.0,214.332,214546.332,19.765373240334437,,,,
2020-07-21,002697.SZ,sell,21000,11.023418803418803,231491.79487179487,231.49179487179487,,18.939945653995526,231260.30307692307,10.196410256410255,8.110781404549963,26.0
2020-07-21,002216.SZ,sell,9500,28.97350572276388,275248.30436625687,275.2483043662569,,22.51996848933026,274973.0560618906,22.39682068673166,29.364368845120865,26.0
2020-07-21,002605.SZ,sell,5700,39.13939824013626,223094.5699687767,223.09456996877668,,18.252910576162108,222871.4753988079,37.0,5.782157405773673,26.0
2020-07-21,002847.SZ,sell,2200,97.40028301886792,214280.62264150943,214.28062264150944,,17.531780553095526,214066.34201886793,93.8672641509434,3.763845574792985,26.0
2020-07-21,002443.SZ,sell,33700,7.552083333333334,254505.20833333334,254.50520833333334,,20.822832261341002,254250.703125,6.36,18.743448637316565,26.0
2020-07-21,600143.SH,buy,15100,15.939576719576719,240687.60846560844,240.68760846560843,240928.29607407405,19.692318798830144,,,,
2020-07-21,300729.SZ,buy,5100,46.59513157894737,237635.17105263157,237.6351710526316,237872.8062236842,19.442577771308965,,,,
2020-07-21,300658.SZ,buy,7000,34.22419509085113,239569.36563595792,239.56936563595792,239808.93500159387,19.600827614733184,,,,
2020-07-21,002768.SZ,buy,6200,38.51587205793603,238798.40675920338,238.79840675920337,239037.20516596257,19.53775013401607,,,,
2020-07-21,300607.SZ,buy,2800,85.46870170015455,239312.36476043274,239.31236476043276,239551.67712519318,19.579800594668946,,,,
2020-07-27,600143.SH,sell,15100,15.355192743764173,231863.410430839,231.863410430839,,20.34171620623334,231631.54702040815,15.939576719576719,-3.666245259165607,4.0
2020-07-27,300729.SZ,sell,5100,44.163552631578945,225234.1184210526,225.2341184210526,,19.76011871976167,225008.88430263157,46.59513157894737,-5.218525766470973,4.0
2020-07-27,300658.SZ,sell,7000,31.296461587503988,219075.23111252792,219.07523111252792,,19.2197905259195,218856.15588141538,34.22419509085113,-8.554572271386425,4.0
2020-07-27,002768.SZ,sell,6200,35.30621605310803,218898.5395292698,218.8985395292698,,19.204289114825837,218679.64098974052,38.51587205793603,-8.333333333333323,4.0
2020-07-27,300607.SZ,sell,2800,78.90253477588871,220927.09737248838,220.9270973724884,,19.382257462129992,220706.1702751159,85.46870170015455,-7.682539682539684,4.0
2020-07-27,600780.SH,buy,64700,3.48,225156.0,225.156,225381.156,19.753265276397848,,,,
2020-07-27,601677.SH,buy,22000,10.203882618510159,224485.4176072235,224.4854176072235,224709.9030248307,19.694434102037864,,,,
2020-07-27,601717.SH,buy,34100,6.600082372322899,225062.80889621086,225.06280889621087,225287.87170510707,19.745089484526666,,,,
2020-07-27,600582.SH,buy,71200,3.165046439628483,225351.306501548,225.351306501548,225576.65780804955,19.770399801506137,,,,
2020-07-27,000059.SZ,buy,43700,5.157232704402516,225371.06918238997,225.37106918238996,225596.44025157235,19.772133610408606,,,,
2020-09-10,600780.SH,sell,64700,3.5906896551724135,232317.62068965516,232.31762068965517,,17.754828212380815,232085.3030689655,3.48,3.180737217598088,33.0
2020-09-10,601677.SH,sell,22000,10.658961625282167,234497.15575620768,234.4971557562077,,17.921398748763824,234262.65860045148,10.203882618510159,4.4598612487611415,33.0
2020-09-10,601717.SH,sell,34100,10.152388797364084,346196.4579901153,346.1964579901153,,26.457995829598786,345850.2615321252,6.600082372322899,53.822152886115425,33.0
2020-09-10,600582.SH,sell,71200,3.5774303405572763,254713.04024767806,254.71304024767807,,19.466393722635697,254458.32720743038,3.165046439628483,13.029315960912067,33.0
2020-09-10,000059.SZ,sell,43700,5.230607966457024,228577.56813417195,228.57756813417194,,17.46899543555246,228348.99056603777,5.157232704402516,1.4227642276422774,33.0
2020-09-10,000900.SZ,buy,62500,4.140808080808081,258800.50505050505,258.800505050505,259059.30555555556,19.77877741175454,,,,
2020-09-10,002394.SZ,buy,24200,10.674870641169854,258331.86951631046,258.33186951631046,258590.20138582677,19.742962033742568,,,,
2020-09-10,000966.SZ,buy,63600,4.067979797979798,258723.51515151517,258.7235151515152,258982.23866666667,19.772893473951648,,,,
2020-09-10,000543.SZ,buy,57300,4.511382488479263,258502.21658986175,258.50221658986175,258760.71880645162,19.75598077514671,,,,
2020-09-10,600269.SH,buy,69600,3.7163114754098356,258655.27868852456,258.65527868852456,258913.9339672131,19.767678515763702,,,,
2020-10-16,000900.SZ,sell,62500,3.995151515151515,249696.9696969697,249.6969696969697,,19.42596603265655,249447.27272727274,4.140808080808081,-3.5175879396984957,20.0
2020-10-16,002394.SZ,sell,24200,11.401267164089694,275910.6653709706,275.9106653709706,,21.465343452300573,275634.7547055996,10.674870641169854,6.804733727810633,20.0
2020-10-16,000966.SZ,sell,63600,3.880707070707071,246812.96969696973,246.81296969696973,,19.20159612497937,246566.15672727276,4.067979797979798,-4.6035805626598405,20.0
2020-10-16,000543.SZ,sell,57300,4.37778801843318,250847.25345622122,250.84725345622124,,19.515455998282704,250596.406202765,4.511382488479263,-2.96127562642368,20.0
2020-10-16,600269.SH,sell,69600,3.5809836065573766,249236.4590163934,249.2364590163934,,19.390139146774004,248987.222557377,3.7163114754098356,-3.641456582633055,20.0
2020-10-16,603586.SH,buy,13900,18.28405632115039,254148.38286399044,254.14838286399043,254402.53124685443,19.77227780842543,,,,
2020-10-16,603926.SH,buy,19000,13.375436408977556,254133.29177057356,254.13329177057358,254387.42506234415,19.77110374905071,,,,
2020-10-16,603037.SH,buy,14900,17.035714285714285,253832.14285714284,253.83214285714286,254085.97499999998,19.747674916213143,,,,
2020-10-16,600327.SH,buy,56900,4.463128128805304,253951.99052902183,253.95199052902183,254205.94251955085,19.756998845157252,,,,
2020-10-16,603766.SH,buy,63600,3.994890510948905,254075.03649635034,254.07503649635035,254329.1115328467,19.766571595618263,,,,
2020-11-11,603586.SH,sell,13900,16.96992210904733,235881.91731575792,235.88191731575793,,18.217626334801665,235646.03539844215,18.28405632115039,-7.187323146576138,18.0
2020-11-11,603926.SH,sell,19000,13.867406483790523,263480.7231920199,263.4807231920199,,20.34913661953209,263217.24246882787,13.375436408977556,3.6781609195402236,18.0
2020-11-11,603037.SH,sell,14900,17.872012987012983,266292.99350649345,266.2929935064935,,20.566333810077868,266026.700512987,17.035714285714285,4.909090909090893,18.0
2020-11-11,600327.SH,sell,56900,4.427985387633609,251952.36855635236,251.95236855635235,,19.458779022826054,251700.416187796,4.463128128805304,-0.7874015748031457,18.0
2020-11-11,603766.SH,sell,63600,4.158783454987834,264498.6277372262,264.49862773722623,,20.42775139789274,264234.129109489,3.994890510948905,4.102564102564091,18.0
2020-11-11,600475.SH,buy,19700,12.947625000000002,255068.21250000005,255.06821250000004,255323.28071250004,19.699421804302787,,,,
2020-11-11,600328.SH,buy,36500,7.012542368469008,255957.7964491188,255.9577964491188,256213.75424556792,19.76812612959784,,,,
2020-11-11,002521.SZ,buy,43600,5.871411992263056,255993.56286266923,255.99356286266925,256249.5564255319,19.77088844035405,,,,
2020-11-11,600202.SH,buy,60800,4.2055650319829425,255698.3539445629,255.6983539445629,255954.05229850745,19.748088872578947,,,,
2020-11-11,603618.SH,buy,44000,5.809477351916375,255617.0034843205,255.61700348432052,255872.62048780482,19.741806015869436,,,,
2020-12-10,600328.SH,sell,36500,6.888426574336813,251427.56996329367,251.42756996329368,,19.696289463944925,251176.14239333037,7.012542368469008,-1.7699115044247857,21.0
2020-12-10,002521.SZ,sell,43600,5.636963249516441,245771.59767891682,245.77159767891683,,19.25321288594912,245525.8260812379,5.871411992263056,-3.993055555555552,21.0
2020-12-10,600202.SH,sell,60800,4.266076759061834,259377.4669509595,259.3774669509595,,20.319067118362337,259118.08948400852,4.2055650319829425,1.4388489208633104,21.0
2020-12-10,603618.SH,sell,44000,5.860348432055748,257855.3310104529,257.8553310104529,,20.19982629647447,257597.47567944246,5.809477351916375,0.8756567425569098,21.0
2020-12-10,600475.SH,rebalance_buy,300,12.598244642857145,3779.4733928571436,3.7794733928571436,3783.252866250001,0.2960757325772197,,,,
2020-12-10,600277.SH,buy,77000,3.276216216216216,252268.6486486486,252.26864864864862,252520.91729729724,19.762177740441903,,,,
2020-12-10,603980.SH,buy,34800,7.2480234260614935,252231.21522693997,252.23121522693998,252483.4464421669,19.759245287530288,,,,
2020-12-10,600483.SH,buy,31700,7.955905947441218,252202.21853388663,252.20221853388662,252454.42075242053,19.75697374960802,,,,
2020-12-10,002441.SZ,buy,29600,8.531606936416184,252535.56531791904,252.53556531791904,252788.10088323697,19.78308741228684,,,,
2020-12-31,600475.SH,sell,20000,11.807000892857145,236140.0178571429,236.1400178571429,,19.25594844714494,235903.87783928576,12.94238429464286,-8.772598432698953,36.0
2020-12-31,600277.SH,sell,77000,3.0708108108108108,236452.43243243243,236.45243243243243,,19.281424175530596,236215.97999999998,3.276216216216216,-6.269592476489019,15.0
2020-12-31,603980.SH,sell,34800,6.864304538799415,238877.79795021962,238.87779795021962,,19.47919968939647,238638.9201522694,7.2480234260614935,-5.294117647058822,15.0
2020-12-31,600483.SH,sell,31700,8.152475795297372,258433.48271092668,258.4334827109267,,21.073860607177046,258175.04922821576,7.955905947441218,2.470741222366692,15.0
2020-12-31,002441.SZ,sell,29600,8.213722543352599,243126.18728323694,243.12618728323696,,19.825632990801033,242883.06109595372,8.531606936416184,-3.725961538461549,15.0
2020-12-31,603416.SH,buy,2700,88.24402825428861,238258.87628657924,238.25887628657924,238497.13516286583,19.428729956413346,,,,
2020-12-31,300726.SZ,buy,3400,71.11334361743155,241785.36829926728,241.78536829926728,242027.15366756654,19.716296413855854,,,,
2020-12-31,002139.SZ,buy,30100,8.05388888888889,242422.0555555556,242.4220555555556,242664.47761111116,19.76821483537244,,,,
2020-12-31,002362.SZ,buy,10200,23.66,241332.0,241.332,241573.332,19.679326667357646,,,,
2020-12-31,300274.SZ,buy,3400,70.25944095835712,238882.0992584142,238.8820992584142,239120.98135767263,19.47955043794643,,,,
2021-01-27,603416.SH,sell,2700,96.71128153380427,261120.46014127153,261.1204601412715,,17.960342248816062,260859.33968113025,88.24402825428861,9.595270577535263,18.0
2021-01-27,300726.SZ,sell,3400,80.70302352487467,274390.2799845739,274.3902799845739,,18.87306469820551,274115.8897045893,71.11334361743155,13.485064011379796,18.0
2021-01-27,002139.SZ,sell,30100,10.506388888888889,316242.30555555556,316.24230555555556,,21.751723469924737,315926.06325,8.05388888888889,30.45112781954885,18.0
2021-01-27,002362.SZ,sell,10200,24.19,246738.0,246.738,,16.971090367223027,246491.262,23.66,2.240067624683014,18.0
2021-01-27,300274.SZ,sell,3400,98.28088990302341,334155.0256702796,334.1550256702796,,22.983793081373946,333820.87064460927,70.25944095835712,39.88282366390396,18.0
2021-01-27,002394.SZ,buy,29700,9.674759486425142,287340.3567468267,287.3403567468267,287627.69710357353,19.763794634391537,,,,
2021-01-27,002763.SZ,buy,39700,7.226844919786097,286905.74331550807,286.90574331550806,287192.6490588236,19.733901128657852,,,,
2021-01-27,600269.SH,buy,84200,3.414426229508196,287494.6885245901,287.4946885245901,287782.1832131147,19.77440985599079,,,,
2021-01-27,002100.SZ,buy,25000,11.495885797950221,287397.1449487555,287.3971449487555,287684.5420937043,19.76770063065772,,,,
2021-01-27,600461.SH,buy,42700,6.7322155688622765,287465.6047904192,287.4656047904192,287753.07039520965,19.772409423625973,,,,
2021-03-02,002394.SZ,sell,29700,10.695925612848688,317668.99070160603,317.66899070160605,,20.75804412609988,317351.3217109044,9.674759486425142,10.554951033732321,19.0
2021-03-02,002763.SZ,sell,39700,7.384866310160428,293179.19251336897,293.17919251336895,,19.157761044304774,292886.0133208556,7.226844919786097,2.1865889212827887,19.0
2021-03-02,600269.SH,sell,84200,3.5393442622950815,298012.7868852459,298.0127868852459,,19.473611719680694,297714.7740983606,3.414426229508196,3.6585365853658556,19.0
2021-03-02,002100.SZ,sell,25000,12.997554904831626,324938.8726207906,324.9388726207906,,21.233093734614297,324613.9337481698,11.495885797950221,13.062665489849948,19.0
2021-03-02,600461.SH,sell,42700,6.607544910179641,282142.1676646707,282.1421676646707,,18.436547908820156,281860.025497006,6.7322155688622765,-1.8518518518518645,19.0
2021-03-02,300033.SZ,buy,2100,140.09438680992963,294198.21230085223,294.1982123008522,294492.41051315307,19.224348776608227,,,,
2021-03-02,002027.SZ,buy,26100,11.584030100334447,302343.18561872904,302.343185618729,302645.5288043478,19.75658113320361,,,,
2021-03-02,603026.SH,buy,5200,57.3,297960.0,297.96,298257.96,19.47016236665825,,,,
2021-03-02,603985.SH,buy,7700,39.1555550774196,301497.7740961309,301.4977740961309,301799.27187022706,19.70133781325587,,,,
2021-03-02,603486.SH,buy,2700,111.8,301860.0,301.86,302161.86,19.725007423813462,,,,
2021-03-12,300033.SZ,sell,2100,122.93030474249724,258153.6399592442,258.15363995924423,,17.983077768598587,257895.48631928494,140.09438680992963,-12.25179856115108,8.0
2021-03-12,002027.SZ,sell,26100,10.157525083612038,265111.4046822742,265.1114046822742,,18.46775822528172,264846.29327759193,11.584030100334447,-12.314410480349354,8.0
2021-03-12,603026.SH,sell,5200,61.98,322296.0,322.296,,22.45125822523079,321973.704,57.3,8.167539267015707,8.0
2021-03-12,603985.SH,sell,7700,36.67971040329913,282433.7701054033,282.4337701054033,,19.674440589277804,282151.3363352979,39.1555550774196,-6.323099415204683,8.0
2021-03-12,603486.SH,sell,2700,102.99,278073.0,278.073,,19.370667735450027,277794.927,111.8,-7.880143112701255,8.0
2021-03-12,603010.SH,buy,10400,27.2402534562212,283298.6359447005,283.2986359447005,283581.93458064523,19.734687462612385,,,,
2021-03-12,603806.SH,buy,2500,113.16238639695105,282905.9659923776,282.9059659923776,283188.87195837,19.70733392891389,,,,
2021-03-12,300763.SZ,buy,1100,254.6050762181015,280065.5838399116,280.0655838399116,280345.6494237515,19.509471860618437,,,,
2021-03-12,002906.SZ,buy,10400,27.28484126984127,283762.34920634923,283.76234920634926,284046.1115555556,19.76698989943983,,,,
2021-03-12,603882.SH,buy,2200,124.1942703670546,273227.39480752015,273.22739480752017,273500.62220232765,19.03312109064561,,,,
2021-06-28,603806.SH,sell,2500,170.4086938018882,426021.7345047205,426.0217345047205,,22.20231654259258,425595.71277021576,113.16238639695105,50.587752015169194,71.0
2021-06-28,300763.SZ,sell,1100,449.80287347774214,494783.16082551633,494.78316082551635,,25.78584956320083,494288.37766469084,254.6050762181015,76.66689139081775,71.0
2021-06-28,002906.SZ,sell,10400,31.818856943891763,330916.1122164743,330.91611221647435,,17.24584376197558,330585.19610425783,27.28484126984127,16.617343048508307,71.0
2021-06-28,603882.SH,sell,2200,147.61804095624373,324759.6901037362,324.7596901037362,,16.92499902226826,324434.9304136324,124.1942703670546,18.860588753378458,71.0
2021-06-28,603010.SH,rebalance_buy,2200,30.083527397260276,66183.76027397261,66.18376027397261,66249.94403424658,3.449196781685611,,,,
2021-06-28,600426.SH,buy,8600,43.66199396323281,375493.14808380214,375.49314808380217,375868.64123188594,19.568996269693347,,,,
2021-06-28,002064.SZ,buy,27000,14.02537867815335,378685.2243101405,378.6852243101405,379063.9095344506,19.735352774691012,,,,
2021-06-28,300463.SZ,buy,8800,42.94714856946394,377934.9074112827,377.9349074112827,378312.842318694,19.696249668097018,,,,
2021-06-28,002932.SZ,buy,3900,95.19949601007981,371278.03443931125,371.2780344393112,371649.31247375056,19.34932370414505,,,,
2021-07-30,603010.SH,sell,12600,27.223220683426167,343012.5806111697,343.0125806111697,,19.162668532333356,342669.5680305585,27.736698112593103,-1.8512565089130275,95.0
2021-07-30,002064.SZ,sell,27000,12.712407814959025,343235.0110038937,343.2350110038937,,19.175094781772057,342891.7759928898,14.02537867815335,-9.361393323657461,24.0
2021-07-30,300463.SZ,sell,8800,35.79941474342869,315034.84974217246,315.03484974217247,,17.599670516417536,314719.81489243027,42.94714856946394,-16.643092880716637,24.0
2021-07-30,002932.SZ,sell,3900,97.8484619253267,381609.0015087741,381.6090015087741,,21.318888047306835,381227.3925072653,95.19949601007981,2.7825419527078328,24.0
2021-07-30,600426.SH,rebalance_sell,400,43.47511902728501,17390.047610914004,17.390047610914003,,0.9715087345650236,17372.657563303088,43.66199396323281,-0.42800366860286715,24.0
2021-07-30,603489.SH,buy,1500,230.48640969027787,345729.6145354168,345.72961453541683,346075.34414995223,19.314457776881426,,,,
2021-07-30,600586.SH,buy,36600,9.671174157303371,353964.9741573034,353.9649741573034,354318.9391314607,19.774532641767113,,,,
2021-07-30,002774.SZ,buy,51600,6.855704963877883,353754.37613609876,353.75437613609876,354108.1305122349,19.762767417101827,,,,
2021-07-30,603678.SH,buy,4400,80.08278090639678,352364.2359881458,352.3642359881458,352716.60022413393,19.685106140593405,,,,
2021-11-22,600426.SH,sell,8200,39.95119166369789,327599.7716423227,327.5997716423227,,17.72908793983016,327272.1718706804,43.66199396323281,-8.498929990828492,98.0
2021-11-22,603489.SH,sell,1500,253.4577676489092,380186.6514733638,380.18665147336384,,20.574991684914952,379806.46482189046,230.48640969027787,9.96646960204712,74.0
2021-11-22,600586.SH,sell,36600,9.479165474974465,346937.45638406544,346.93745638406546,,18.775607330305757,346590.5189276814,9.671174157303371,-1.9853709508881792,74.0
2021-11-22,002774.SZ,sell,51600,8.245100792356094,425447.20088557445,425.44720088557443,,23.024408107616892,425021.7536846889,6.855704963877883,20.266272189349138,74.0
2021-11-22,603678.SH,sell,4400,77.89760143750067,342749.44632500294,342.74944632500296,,18.548960045853192,342406.69687867793,80.08278090639678,-2.728650833754405,74.0
2021-11-22,600273.SH,buy,32200,11.334961199426045,364985.75062151864,364.98575062151866,365350.7363721402,19.752347314267332,,,,
2021-11-22,002322.SZ,buy,34400,10.595720896824174,364492.7988507516,364.4927988507516,364857.29164960235,19.72566968488374,,,,
2021-11-22,600475.SH,buy,23300,15.660460714285714,364888.7346428571,364.8887346428571,365253.6233775,19.747096990652526,,,,
2021-11-22,000550.SZ,buy,19900,18.296402716588204,364098.4140601053,364.0984140601053,364462.51247416536,19.70432631641786,,,,
2021-11-22,002441.SZ,buy,38400,9.501653989175656,364863.5131843452,364.8635131843452,365228.3766975296,19.74573205241192,,,,
2022-01-13,600273.SH,sell,32200,12.2426225347471,394212.44561885664,394.21244561885663,,19.382357136570334,393818.23317323776,11.334961199426045,8.007626310772158,37.0
2022-01-13,002322.SZ,sell,34400,13.187479965112098,453649.3107998562,453.6493107998562,,22.304706648412356,453195.66148905637,10.595720896824174,24.460431654676228,37.0
2022-01-13,600475.SH,sell,23300,16.07149642857143,374465.8667857143,374.4658667857143,,18.411471393557918,374091.40091892856,15.660460714285714,2.6246719160105036,37.0
2022-01-13,000550.SZ,sell,19900,20.092651189708253,399843.7586751942,399.84375867519424,,19.659233531566993,399443.914916519,18.296402716588204,9.817495280050336,37.0
2022-01-13,002441.SZ,sell,38400,10.178832001767239,390867.14886786195,390.86714886786194,,19.21787796531079,390476.2817189941,9.501653989175656,7.126948775055669,37.0
2022-01-13,300514.SZ,buy,31100,12.924486916608666,401951.5431065295,401.9515431065295,402353.49464963604,19.762867577293047,,,,
2022-01-13,603738.SH,buy,7800,51.54085886379,402018.699137562,402.018699137562,402420.71783669956,19.7661694572611,,,,
2022-01-13,002816.SZ,buy,21900,18.33,401426.99999999994,401.42699999999996,401828.42699999997,19.73707721492049,,,,
2022-01-13,300833.SZ,buy,5200,76.0994743909457,395717.26683291764,395.71726683291763,396112.9840997506,19.456345115696234,,,,
2022-01-13,300643.SZ,buy,30900,13.010659196883545,402029.3691837015,402.02936918370153,402431.3985528852,19.766694074500453,,,,
2022-01-27,300514.SZ,sell,31100,11.86427509923061,368978.955586072,368.978955586072,,19.64006309761043,368609.9766304859,12.924486916608666,-8.203125000000009,10.0
2022-01-27,603738.SH,sell,7800,49.74822140674719,388036.1269726281,388.03612697262815,,20.654440863137573,387648.0908456555,51.54085886379,-3.4780899980349855,10.0
2022-01-27,002816.SZ,sell,21900,16.18,354342.0,354.342,,18.86096519266144,353987.658,18.33,-11.729405346426617,10.0
2022-01-27,300833.SZ,sell,5200,73.04622482255898,379840.3690773067,379.8403690773067,,20.218195923527993,379460.5287082294,76.0994743909457,-4.012182203389822,10.0
2022-01-27,300643.SZ,sell,30900,11.676232612587798,360795.58772896294,360.79558772896297,,19.204477656675746,360434.792141234,13.010659196883545,-10.256410256410243,10.0
2022-01-27,002286.SZ,buy,30600,12.10829865361077,370513.9388004896,370.5139388004896,370884.4527392901,19.72176739735037,,,,
2022-01-27,603283.SH,buy,14500,25.455349993050486,369102.5748992321,369.1025748992321,369471.6774741313,19.646643123581534,,,,
2022-01-27,603316.SH,buy,52500,7.069095003359612,371127.4876763796,371.12748767637964,371498.615164056,19.754425462135686,,,,
2022-01-27,600327.SH,buy,54000,6.875204342004801,371261.03446825925,371.26103446825925,371632.2955027275,19.76153390932296,,,,
2022-01-27,603012.SH,buy,63000,5.893132748390942,371267.3631486293,371.26736314862933,371638.63051177794,19.761870773200727,,,,
2022-02-17,002286.SZ,sell,30600,12.511908608731131,382864.4034271726,382.86440342717265,,17.92558904043555,382481.53902374546,12.10829865361077,3.333333333333349,10.0
2022-02-17,603283.SH,sell,14500,24.617186029864673,356949.19743303774,356.94919743303774,,16.712247375891227,356592.2482356047,25.455349993050486,-3.292682926829287,10.0
2022-02-17,603316.SH,sell,52500,10.953793939785267,575074.1818387265,575.0741818387265,,26.924789453210625,574499.1076568877,7.069095003359612,54.95327102803738,10.0
2022-02-17,600327.SH,sell,54000,7.698203020145339,415702.96308784833,415.70296308784833,,19.463079911584316,415287.2601247605,6.875204342004801,11.970534069981593,10.0
2022-02-17,603012.SH,rebalance_buy,6400,6.087862352250817,38962.319054405234,38.962319054405235,39001.28137345964,1.82420332937651,,,,
2022-02-17,002469.SZ,buy,64100,6.584422188686148,422061.46229478205,422.0614622947821,422483.5237570768,19.760782812865163,,,,
2022-02-17,603385.SH,buy,41300,10.230294906664977,422511.17964526353,422.51117964526355,422933.6908249088,19.781838435526666,,,,
2022-02-17,600308.SH,buy,67200,6.285686705383772,422398.14660178946,422.39814660178945,422820.54474839126,19.77654626454611,,,,
2022-02-17,603661.SH,buy,10700,39.21394984326019,419589.26332288404,419.58926332288405,420008.8525862069,19.64503524688686,,,,
2022-03-11,603012.SH,sell,69400,5.913630601428823,410405.9637391603,410.40596373916026,,19.933906302240146,409995.5577754211,5.911090521657558,0.04297142400303891,26.0
2022-03-11,002469.SZ,sell,64100,6.332788219691772,405931.7248822426,405.93172488224263,,19.716587193777276,405525.7931573604,6.584422188686148,-3.8216560509554194,16.0
2022-03-11,603385.SH,sell,41300,9.236554603870323,381469.7051398443,381.46970513984434,,18.528437769568537,381088.23543470446,10.230294906664977,-9.713701431492831,16.0
2022-03-11,600308.SH,sell,67200,6.061579029979597,407338.1108146289,407.3381108146289,,19.78489703300465,406930.77270381426,6.285686705383772,-3.5653650254668943,16.0
2022-03-11,603661.SH,sell,10700,40.21943573667712,430347.96238244517,430.3479623824452,,20.90251291997266,429917.61442006275,39.21394984326019,2.5641025641025736,16.0
2022-03-11,000301.SZ,buy,25400,15.971769730588436,405682.95115694625,405.6829511569463,406088.6341081032,19.704503957741096,,,,
2022-03-11,300772.SZ,buy,11000,36.70350194552529,403738.5214007782,403.7385214007782,404142.259922179,19.610060689379196,,,,
2022-03-11,600141.SH,buy,11200,36.1465094173561,404840.90547438833,404.84090547438836,405245.7463798627,19.663604796370763,,,,
2022-03-11,300347.SZ,buy,4400,91.22940626969975,401409.3875866789,401.4093875866789,401810.7969742656,19.49693188688172,,,,
2022-03-11,300196.SZ,buy,26300,15.440529768567929,406085.93291333655,406.08593291333653,406492.0188462499,19.724077261452884,,,,
2022-03-17,000301.SZ,sell,25400,16.228550594424263,412205.1850983763,412.2051850983763,,19.936851570762563,411792.9799132779,15.971769730588436,1.6077170418006426,4.0
2022-03-17,300772.SZ,sell,11000,38.56498054474708,424214.7859922179,424.2147859922179,,20.517711877959997,423790.57120622566,36.70350194552529,5.071664829106948,4.0
2022-03-17,300347.SZ,sell,4400,93.66192239103816,412112.4585205679,412.11245852056794,,19.93236672659936,411700.34606204735,91.22940626969975,2.666372851476429,4.0
2022-03-17,300196.SZ,sell,26300,14.645046728971959,385164.7289719625,385.1647289719625,,18.629003975227423,384779.5642429906,15.440529768567929,-5.1519154557463676,4.0
2022-03-17,600141.SH,rebalance_buy,200,35.78912867452913,7157.825734905826,7.157825734905826,7164.983560640731,0.34619775394660374,,,,
2022-03-17,002497.SZ,buy,12500,32.62785764187122,407848.2205233903,407.8482205233903,408256.06874391367,19.726121188975064,,,,
2022-03-17,300707.SZ,buy,27300,14.974999488988585,408817.48604938836,408.8174860493884,409226.30353543774,19.77300100422986,,,,
2022-03-17,603329.SH,buy,30700,13.286558028616852,407897.33147853735,407.89733147853735,408305.2288100159,19.728496505585973,,,,
2022-03-17,002539.SZ,buy,31100,13.132077876010525,408407.6219439273,408.4076219439273,408816.0295658712,19.753177382086896,,,,
2022-04-28,600141.SH,sell,11400,31.643512057736316,360736.037458194,360.736037458194,,19.041974420039455,360375.30142073584,36.14023957976265,-12.442439713499724,32.0
2022-04-28,002497.SZ,sell,12500,25.737751424066623,321721.8928008328,321.7218928008328,,16.982556265369265,321400.170908032,32.62785764187122,-21.117249846531603,28.0
2022-04-28,300707.SZ,sell,27300,10.6863846118604,291738.2999037889,291.7382999037889,,15.399828870043383,291446.5616038851,14.974999488988585,-28.638497652582156,28.0
2022-04-28,603329.SH,sell,30700,14.895516693163753,457292.3624801272,457.2923624801272,,24.138839940090932,456835.07011764706,13.286558028616852,12.109672505712114,28.0
2022-04-28,002539.SZ,sell,31100,14.13580357353999,439623.4911370937,439.6234911370937,,23.206162965215633,439183.8676459566,13.132077876010525,7.643312101910811,28.0
2022-04-28,300037.SZ,buy,5700,65.14200972691664,371309.4554434249,371.3094554434249,371680.7648988683,19.600107608577584,,,,
2022-04-28,002460.SZ,buy,3500,104.68878478201282,366410.7467370449,366.4107467370449,366777.1574837819,19.34152217160437,,,,
2022-04-28,300390.SZ,buy,6600,56.34633476748519,371885.8094654023,371.8858094654023,372257.6952748677,19.630531290726758,,,,
2022-04-28,300750.SZ,buy,900,400.7585535760147,360682.6982184132,360.68269821841324,361043.3809166316,19.039158830982576,,,,
2022-04-28,300769.SZ,buy,400,756.0373285780028,302414.9314312011,302.4149314312011,302717.3463626323,15.963410334955192,,,,
2022-05-23,300037.SZ,sell,5700,78.43858819303004,447099.9527002713,447.0999527002713,,20.62105991954295,446652.852747571,65.14200972691664,20.411679838946178,14.0
2022-05-23,002460.SZ,sell,3500,122.8079975327458,429827.9913646103,429.82799136461034,,19.824445767652264,429398.16337324574,104.68878478201282,17.307692307692303,14.0
2022-05-23,300390.SZ,sell,6600,64.43641381805008,425280.33119913057,425.28033119913056,,19.614699440908755,424855.05086793145,56.34633476748519,14.357773374166829,14.0
2022-05-23,300750.SZ,sell,900,427.73095285164425,384957.8575664798,384.95785756647984,,17.754953896626624,384572.89970891335,400.7585535760147,6.73033651682583,14.0
2022-05-23,300769.SZ,sell,400,907.3181730468847,362927.26921875385,362.92726921875385,,16.738863244776805,362564.34194953507,756.0373285780028,20.009705705063453,14.0
2022-05-23,002043.SZ,buy,43700,9.804315011250402,428448.5659916426,428.4485659916426,428877.01455763425,19.7608241700683,,,,
2022-05-23,603565.SH,buy,12000,35.5517382413088,426620.85889570555,426.62085889570557,427047.47975460126,19.676527007178734,,,,
2022-05-23,300358.SZ,buy,26900,15.891668209185452,427485.8748270887,427.4858748270887,427913.36070191575,19.716423109257654,,,,
2022-05-23,000960.SZ,buy,24600,17.388509045539614,427757.3225202745,427.7573225202745,428185.07984279474,19.728942768703824,,,,
2022-05-23,601919.SH,buy,21900,19.529162105263158,427688.65010526316,427.68865010526315,428116.33875536843,19.72577547249586,,,,
2022-08-11,002043.SZ,sell,43700,9.367482014388488,409358.9640287769,409.35896402877694,,19.3245069936099,408949.60506474815,9.804315011250402,-4.455517762950813,57.0
2022-08-11,603565.SH,sell,12000,38.97137757947575,467656.530953709,467.65653095370897,,22.07654576335844,467188.87442275527,35.5517382413088,9.618768328445766,57.0
2022-08-11,300358.SZ,sell,26900,15.838625484921288,426059.02554438263,426.0590255443826,,20.112862651871126,425632.96651883825,15.891668209185452,-0.3337769425207717,57.0
2022-08-11,000960.SZ,sell,24600,15.495608234560201,381191.96257018094,381.191962570181,,17.9948343480699,380810.77060761076,17.388509045539614,-10.885929357266932,57.0
2022-08-11,601919.SH,sell,21900,18.634355747726257,408092.39087520505,408.09239087520507,,19.26471618916963,407684.29848432983,19.529162105263158,-4.581898356487849,57.0
2022-08-11,300717.SZ,buy,27800,15.04322074760567,418201.5367834376,418.2015367834376,418619.738320221,19.741936130515118,,,,
2022-08-11,300756.SZ,buy,14500,28.861628534662508,418493.6137526064,418.4936137526064,418912.107366359,19.755724135492034,,,,
2022-08-11,603331.SH,buy,23500,17.82914539247032,418984.9167230525,418.9849167230525,419403.90163977555,19.778916952854402,,,,
2022-08-11,603360.SH,buy,18200,22.949764295179314,417685.7101722635,417.6857101722635,418103.3958824358,19.717585631732774,,,,
2022-08-11,300354.SZ,buy,10600,39.23552679332618,415896.5840092575,415.8965840092575,416312.4805932668,19.63312679709729,,,,
2022-09-07,300717.SZ,sell,27800,15.391633217236864,427887.4034391848,427.8874034391848,,20.7517991141571,427459.5160357456,15.04322074760567,2.31607629427793,19.0
2022-09-07,300756.SZ,sell,14500,26.67664633313954,386811.37183052336,386.8113718305234,,18.759682614586296,386424.56045869284,28.861628534662508,-7.57054370268409,19.0
2022-09-07,603331.SH,sell,23500,17.01536697206711,399861.12384357705,399.86112384357705,,19.39257302007108,399461.26271973347,17.82914539247032,-4.564315352697099,19.0
2022-09-07,603360.SH,sell,18200,25.133334101905117,457426.68065467314,457.42668065467313,,22.184402976355948,456969.25397401844,22.949764295179314,9.514563106796134,19.0
2022-09-07,300354.SZ,sell,10600,34.438258949189006,365045.54486140347,365.04554486140347,,17.704077646582427,364680.49931654206,39.23552679332618,-12.226847034339224,19.0
2022-09-07,300278.SZ,buy,79800,5.105619834710745,407428.46280991746,407.42846280991745,407835.8912727274,19.759575873616285,,,,
2022-09-07,600658.SH,buy,75000,5.436614618751435,407746.0964063576,407.7460964063576,408153.84250276396,19.77498055375469,,,,
2022-09-07,300839.SZ,buy,16600,24.430339099500724,405543.629051712,405.543629051712,405949.1726807637,19.668164695816984,,,,
2022-09-07,603227.SH,buy,33300,12.218763647934619,406884.8294762228,406.8848294762228,407291.71430569905,19.733210597046057,,,,
2022-09-07,600165.SH,buy,44900,9.08,407692.0,407.692,408099.692,19.772356971596142,,,,
2022-09-13,300278.SZ,sell,79800,4.997906336088154,398832.9256198347,398.83292561983467,,19.125431579382102,398434.09269421484,5.105619834710745,-2.1097046413502336,3.0
2022-09-13,300839.SZ,sell,16600,24.637083859157993,408975.5920620227,408.9755920620227,,19.61180785529034,408566.6164699607,24.430339099500724,0.8462623413258079,3.0
2022-09-13,603227.SH,sell,33300,12.404208627414233,413060.14729289396,413.060147292894,,19.80767654260804,412647.08714560105,12.218763647934619,1.5177065767284947,3.0
2022-09-13,600165.SH,sell,44900,9.9,444510.0,444.51,,21.315806808424508,444065.49,9.08,9.03083700440529,3.0
2022-09-13,600658.SH,rebalance_buy,2800,5.29884465765247,14836.765041426916,14.836765041426915,14851.601806468343,0.7114746963736307,,,,
2022-09-13,002092.SZ,buy,51400,8.025211034900334,412495.84719387715,412.4958471938772,412908.343041071,19.780616382223307,,,,
2022-09-13,000822.SZ,buy,42400,9.718580837342062,412067.8275033034,412.0678275033034,412479.8953308067,19.76009134333898,,,,
2022-09-13,600449.SH,buy,28000,14.695862726053711,411484.1563295039,411.48415632950395,411895.6404858334,19.732102272271163,,,,
2022-09-13,600533.SH,buy,92100,4.479339931983147,412547.20773564785,412.5472077356479,412959.7549433835,19.78307929956141,,,,
2022-09-21,600658.SH,sell,77800,5.097488560661676,396584.6100194784,396.5846100194784,,20.13819066147235,396188.02540945896,5.43165631680957,-6.152225705329161,9.0
2022-09-21,002092.SZ,sell,51400,7.320707776111373,376284.37969212455,376.28437969212456,,19.107364203572292,375908.09531243244,8.025211034900334,-8.778625954198475,6.0
2022-09-21,000822.SZ,sell,42400,8.459535568264558,358684.30809441727,358.6843080944173,,18.213649247077168,358325.62378632283,9.718580837342062,-12.955032119914337,6.0
2022-09-21,600449.SH,sell,28000,14.033578314156964,392940.192796395,392.94019279639497,,19.95313060862561,392547.2526035986,14.695862726053711,-4.5066045066045,6.0
2022-09-21,600533.SH,sell,92100,4.599811177097609,423642.6094106898,423.64260941068983,,21.51217022823228,423218.9668012791,4.479339931983147,2.689486552567262,6.0
2022-09-21,300839.SZ,buy,17900,21.65651357409902,387651.59297637246,387.65159297637246,388039.2445693488,19.684580521665325,,,,
2022-09-21,002885.SZ,buy,13300,29.21560941925528,388567.6052760952,388.5676052760952,388956.1728813713,19.73109475815868,,,,
2022-09-21,002193.SZ,buy,59700,6.521959834149505,389361.00209872547,389.36100209872546,389750.3631008242,19.771382696925517,,,,
2022-09-21,002965.SZ,buy,7200,53.39121903650057,384416.77706280415,384.41677706280416,384801.19383986696,19.52031963514478,,,,
2022-09-21,300278.SZ,buy,85000,4.577823691460056,389115.01377410477,389.1150137741048,389504.12878787884,19.7588916429195,,,,
2022-10-13,300839.SZ,sell,17900,22.707466102356808,406463.64323218685,406.4636432321869,,20.441559574400006,406057.17958895466,21.65651357409902,4.852824184566427,11.0
2022-10-13,002885.SZ,sell,13300,29.21560941925528,388567.6052760952,388.5676052760952,,19.54154568111263,388179.03767081915,29.21560941925528,0.0,11.0
2022-10-13,002193.SZ,sell,59700,6.4517233436278945,385167.8836145853,385.1678836145853,,19.370569471955264,384782.7157309707,6.521959834149505,-1.0769230769230824,11.0
2022-10-13,300278.SZ,sell,85000,4.276225895316805,363479.2011019284,363.4792011019284,,18.27981879091719,363115.7219008265,4.577823691460056,-6.588235294117653,11.0
2022-10-13,002965.SZ,rebalance_sell,400,58.114288412806395,23245.71536512256,23.24571536512256,,1.169055789853901,23222.469649757437,53.39121903650057,8.84615384615385,11.0
2022-10-13,300787.SZ,buy,6600,58.83663783433484,388321.8097066099,388.32180970660994,388710.13151631656,19.529184317776902,,,,
2022-10-13,603227.SH,buy,40900,9.612231436360034,393140.2657471254,393.1402657471254,393533.4060128725,19.771510434389896,,,,
2022-10-13,002488.SZ,buy,58500,6.72,393120.0,393.12,393513.12,19.770491244890216,,,,
2022-10-13,600165.SH,buy,45200,8.69,392788.0,392.788,393180.788,19.753794554074933,,,,
2022-10-17,002965.SZ,sell,6800,58.01161299158235,394478.96834276,394.47896834276,,19.63276488611299,394084.48937441723,53.39121903650057,8.653846153846155,13.0
2022-10-17,300787.SZ,sell,6600,60.354398237067684,398339.0283646467,398.3390283646467,,19.824875637097662,397940.6893362821,58.83663783433484,2.5796178343949143,2.0
2022-10-17,603227.SH,sell,40900,10.199473871378814,417158.4813393935,417.15848133939346,,20.761498182757503,416741.3228580541,9.612231436360034,6.109324758842441,2.0
2022-10-17,002488.SZ,sell,58500,6.8,397800.0,397.8,,19.79804881488579,397402.2,6.72,1.1904761904761916,2.0
2022-10-17,600165.SH,sell,45200,8.38,378776.00000000006,378.77600000000007,,18.85124619886169,378397.22400000005,8.69,-3.5673187571921603,2.0
2022-10-17,300765.SZ,buy,9300,42.72911965280127,397380.81277105183,397.38081277105186,397778.19358382287,19.77718634826615,,,,
2022-10-17,300604.SZ,buy,4200,92.49833032504978,388492.9873652091,388.4929873652091,388881.4803525743,19.33484949245153,,,,
2022-10-17,300363.SZ,buy,7500,52.745735598868244,395593.0169915118,395.59301699151183,395988.6100085033,19.68820980700325,,,,
2022-10-17,301060.SZ,buy,17300,22.927641853201457,396648.20406038524,396.64820406038524,397044.8522644456,19.74072525471163,,,,
2022-10-17,603612.SH,buy,12600,31.360999105546522,395148.58872988616,395.14858872988617,395543.73731861607,19.666091123196367,,,,
2022-11-10,300765.SZ,sell,9300,45.79114125658508,425857.6136862412,425.8576136862412,,20.050363721213056,425431.75607255497,42.72911965280127,7.166123778501629,18.0
2022-11-10,300604.SZ,sell,4200,110.36494246988005,463532.7583734962,463.53275837349616,,21.82419687565642,463069.2256151227,92.49833032504978,19.315605029890744,18.0
2022-11-10,300363.SZ,sell,7500,46.644173450242,349831.300876815,349.831300876815,,16.47086866178032,349481.4695759382,52.745735598868244,-11.567877629063085,18.0
2022-11-10,301060.SZ,sell,17300,24.993649141072357,432390.1301405518,432.3901301405518,,20.35792974026335,431957.74001041125,22.927641853201457,9.010989010989007,18.0
2022-11-10,603612.SH,sell,12600,33.354150985144315,420262.30241281836,420.26230241281837,,19.786923494808676,419842.04011040553,31.360999105546522,6.355511420059583,18.0
2022-11-10,600694.SH,buy,21800,19.220560539398186,419008.21975888044,419.00821975888044,419427.2279786393,19.72787837611216,,,,
2022-11-10,600720.SH,buy,36200,11.592286903793694,419640.7859173317,419.6407859173317,420060.42670324905,19.757661057334865,,,,
2022-11-10,600449.SH,buy,31100,13.496899566585462,419753.57652080787,419.7535765208079,420173.3300973287,19.762971500429813,,,,
2022-11-10,600533.SH,buy,102200,4.106974265265722,419732.76991015684,419.73276991015683,420152.502680067,19.761991876964245,,,,
2022-11-10,000950.SZ,buy,75900,5.533810401747585,420016.20949264173,420.01620949264174,420436.22570213437,19.775336869607717,,,,
2022-12-27,600694.SH,sell,21800,20.20323070696328,440430.4294117995,440.4304294117995,,20.285982256961855,439989.99898238765,19.220560539398186,5.112598904443093,33.0
2022-12-27,600720.SH,sell,36200,12.134616115667082,439273.1033871484,439.2731033871484,,20.232676459646832,438833.83028376126,11.592286903793694,4.6783625730994105,33.0
2022-12-27,600449.SH,sell,31100,14.079253101184326,437864.7714468326,437.8647714468326,,20.16780946852791,437426.9066753857,13.496899566585462,4.314720812182734,33.0
2022-12-27,600533.SH,sell,102200,4.183637784884016,427567.7816151464,427.5677816151464,,19.693535805591697,427140.21383353125,4.106974265265722,1.8666666666666598,33.0
2022-12-27,000950.SZ,sell,75900,5.327709455686223,404373.14768658427,404.3731476865843,,18.625203781031246,403968.7745388977,5.533810401747585,-3.724394785847303,33.0
2022-12-27,002192.SZ,buy,4200,100.75,423150.0,423.15000000000003,423573.15,19.49005522506124,,,,
2022-12-27,002756.SZ,buy,4100,102.95647324353594,422121.54029849736,422.1215402984974,422543.6618387959,19.442684939396496,,,,
2022-12-27,300910.SZ,buy,3600,116.8979523503241,420832.62846116675,420.83262846116673,421253.46108962793,19.38331837224582,,,,
2022-12-27,300856.SZ,buy,6100,70.04802409952134,427292.9470070802,427.2929470070802,427720.23995408724,19.680877075380266,,,,
2022-12-27,600481.SH,buy,33100,12.963846093269348,429103.3056872154,429.1033056872154,429532.4089929026,19.764261196030162,,,,
2023-01-13,002756.SZ,sell,4100,108.97610575172655,446802.0335820789,446.8020335820789,,19.204279103643838,446355.2315484968,102.95647324353594,5.846774193548389,12.0
2023-01-13,300910.SZ,sell,3600,137.415197107188,494694.7095858768,494.6947095858768,,21.2627843204254,494200.0148762909,116.8979523503241,17.551415011425565,12.0
2023-01-13,300856.SZ,sell,6100,75.36640101038702,459735.0461633608,459.73504616336083,,19.76016104820587,459275.31111719745,70.04802409952134,7.59247242050618,12.0
2023-01-13,600481.SH,sell,33100,13.42274330011074,444292.80323366553,444.29280323366555,,19.096428296520305,443848.51043043187,12.963846093269348,3.5398230088495533,12.0
2023-01-13,002192.SZ,rebalance_buy,200,103.98,20796.0,20.796,20816.796,0.8938459501572777,,,,
2023-01-13,002460.SZ,buy,4400,103.621880510214,455936.2742449416,455.9362742449416,456392.2105191865,19.59688364414498,,,,
2023-01-13,002085.SZ,buy,67600,6.809061151079136,460292.53381294955,460.29253381294956,460752.8263467625,19.784122775357606,,,,
2023-01-13,300532.SZ,buy,27600,16.64498076648588,459401.4691550103,459.4014691550103,459860.8706241653,19.745823365094708,,,,
2023-01-13,603086.SH,buy,11700,39.08187414500685,457257.9274965802,457.2579274965802,457715.18542407674,19.653690453458758,,,,
2023-01-17,002192.SZ,sell,4400,106.21,467324.0,467.324,,19.82978967710293,466856.676,100.89681818181818,5.265955769395377,14.0
2023-01-17,002460.SZ,sell,4400,105.18912791948416,462832.1628457303,462.83216284573035,,19.639189181444745,462369.3306828846,103.621880510214,1.5124676386428664,2.0
2023-01-17,002085.SZ,sell,67600,6.788174460431654,458880.59352517984,458.88059352517985,,19.471513674684964,458421.71293165465,6.809061151079136,-0.30674846625765956,2.0
2023-01-17,300532.SZ,sell,27600,17.118492897134207,472470.4039609041,472.4704039609041,,20.048165168492496,471997.9335569432,16.64498076648588,2.8447742733456822,2.0
2023-01-17,603086.SH,sell,11700,39.54644322845418,462693.3857729139,462.6933857729139,,19.633300504282968,462230.692387141,39.08187414500685,1.1887072808320884,2.0
2023-01-17,600851.SH,buy,76400,6.095197737420991,465673.1071389637,465.6731071389637,466138.78024610266,19.75973793952091,,,,
2023-01-17,300382.SZ,buy,24500,18.985913799031813,465154.8880762794,465.15488807627946,465620.0429643557,19.73774853812125,,,,
2023-01-17,300604.SZ,buy,5900,78.25461712100686,461702.2410139405,461.70224101394047,462163.9432549544,19.591243618460695,,,,
2023-01-17,603613.SH,buy,1500,302.5450953746422,453817.64306196326,453.8176430619633,454271.46070502524,19.25667933527339,,,,
2023-01-17,301318.SZ,buy,10300,45.09172149803435,464444.7314297538,464.44473142975386,464909.17616118357,19.707614718890053,,,,
2023-02-02,600851.SH,sell,76400,6.3175764276751565,482662.839074382,482.66283907438196,,19.552774706606733,482180.1762353076,6.095197737420991,3.6484245439469367,7.0
2023-02-02,300382.SZ,sell,24500,20.833028219671274,510409.1913819462,510.40919138194624,,20.67678536514499,509898.78219056426,18.985913799031813,9.728867623604476,7.0
2023-02-02,603613.SH,sell,1500,294.3450462686143,441517.5694029214,441.5175694029214,,17.885971043678236,441076.0518335185,302.5450953746422,-2.71035598705501,7.0
2023-02-02,300604.SZ,rebalance_sell,100,85.6148223375538,8561.48223375538,8.56148223375538,,0.3468274740028979,8552.920751521624,78.25461712100686,9.40545808966862,7.0
2023-02-02,002430.SZ,buy,12300,39.63976247995766,487569.07850347925,487.56907850347926,488056.6475819827,19.75152751384124,,,,
2023-02-02,002497.SZ,buy,18600,26.213829858664916,487577.2353711674,487.57723537116743,488064.8126065386,19.751857950293576,,,,
2023-02-02,002002.SZ,buy,155400,3.141671757065122,488215.79104791995,488.21579104791994,488704.00683896785,19.777725977152887,,,,
2023-02-13,300604.SZ,sell,5800,87.80762959118825,509284.2516288918,509.2842516288918,,20.468369052030898,508774.9673772629,78.25461712100686,12.207602339181278,14.0
2023-02-13,301318.SZ,sell,10300,51.5276225946617,530734.5127250155,530.7345127250155,,21.33046494243713,530203.7782122905,45.09172149803435,14.272910598252281,14.0
2023-02-13,002430.SZ,sell,12300,38.344550214472875,471637.9676380164,471.6379676380164,,18.955347528788714,471166.32967037836,39.63976247995766,-3.2674571805006667,7.0
2023-02-13,002497.SZ,sell,18600,25.361755083144264,471728.6445464833,471.7286445464833,,18.958991875577492,471256.9159019368,26.213829858664916,-3.2504780114722567,7.0
2023-02-13,002002.SZ,sell,155400,3.131504534550348,486635.8046691241,486.63580466912407,,19.55811751893288,486149.16886445496,3.141671757065122,-0.32362459546925243,7.0
2023-02-13,601113.SH,buy,123600,3.98,491928.0,491.928,492419.928,19.770813291051,,,,
2023-02-13,600551.SH,buy,42800,11.484067725111197,491518.09863475926,491.51809863475927,492009.61673339404,19.754339166057257,,,,
2023-02-13,600811.SH,buy,196000,2.51,491959.99999999994,491.96,492451.95999999996,19.7720993858155,,,,
2023-02-13,600757.SH,buy,70900,6.934000301408969,491620.62136989593,491.62062136989596,492112.24199126585,19.758459602085445,,,,
2023-02-13,603729.SH,buy,33600,14.63,491568.0,491.568,492059.568,19.75634472495031,,,,
2023-03-02,601113.SH,sell,123600,3.92,484512.0,484.512,,19.46625453693057,484027.488,3.98,-1.5075376884422125,13.0
2023-03-02,600551.SH,sell,42800,11.694978059823983,500545.06096046645,500.54506096046646,,20.11041535371646,500044.515899506,11.484067725111197,1.8365472910927425,13.0
2023-03-02,600811.SH,sell,196000,2.49,488040.00000000006,488.0400000000001,,19.607999108801426,487551.9600000001,2.51,-0.7968127490039673,13.0
2023-03-02,600757.SH,sell,70900,7.099942188964056,503385.9011975516,503.38590119755156,,20.224551885224145,502882.515296354,6.934000301408969,2.393162393162406,13.0
2023-03-02,603729.SH,sell,33600,14.52,487872.0,487.872,,19.601249367283764,487384.128,14.63,-0.7518796992481285,13.0
2023-03-02,600105.SH,buy,113100,4.352121212121212,492224.90909090906,492.2249090909091,492717.13399999996,19.776136338792732,,,,
2023-03-02,300647.SZ,buy,38600,12.749894736842103,492145.9368421052,492.1459368421052,492638.08277894725,19.77296346815884,,,,
2023-03-02,002322.SZ,buy,40000,12.288147698086815,491525.90792347264,491.52590792347263,492017.4338313961,19.7480525459312,,,,
2023-03-02,603003.SH,buy,54800,8.98,492104.0,492.104,492596.104,19.771278570276237,,,,
2023-03-02,300270.SZ,buy,72700,6.77,492178.99999999994,492.179,492671.17899999995,19.774291847739477,,,,
2023-03-10,600105.SH,sell,113100,4.473575757575757,505961.41818181815,505.96141818181815,,20.361281347334355,505455.4567636363,4.352121212121212,2.7906976744186056,6.0
2023-03-10,300647.SZ,sell,38600,12.509614035087717,482871.10175438586,482.87110175438585,,19.432063402481145,482388.2306526315,12.749894736842103,-1.8845700824499452,6.0
2023-03-10,002322.SZ,sell,40000,12.288147698086815,491525.90792347264,491.52590792347263,,19.78035664596339,491034.38201554917,12.288147698086815,0.0,6.0
2023-03-10,603003.SH,sell,54800,9.1,498680.0,498.68,,20.068257020024248,498181.32,8.98,1.336302895322931,6.0
2023-03-10,300270.SZ,rebalance_buy,1400,6.63,9282.0,9.282,9291.282,0.37353325110264113,,,,
2023-03-10,300076.SZ,buy,92900,5.29,491441.0,491.44100000000003,491932.441,19.776939717208904,,,,
2023-03-10,600551.SH,buy,42100,11.663341509617066,491026.67755487846,491.02667755487846,491517.70423243335,19.760266240594916,,,,
2023-03-10,300549.SZ,buy,34000,14.418746957419016,490237.39655224653,490.23739655224654,490727.63394879876,19.7285033986485,,,,
2023-03-10,300150.SZ,buy,114200,4.301179276450339,491194.67337062873,491.1946733706287,491685.86804399936,19.76702685503457,,,,
2023-04-12,300270.SZ,sell,74100,7.07,523887.0,523.8870000000001,,20.656300494503892,523363.113,6.767354925775978,4.472132429042352,28.0
2023-04-12,300076.SZ,sell,92900,5.48,509092.00000000006,509.09200000000004,,20.07294956994156,508582.90800000005,5.29,3.5916824196597426,22.0
2023-04-12,600551.SH,sell,42100,12.16952631292775,512337.0577742583,512.3370577742584,,20.200898704978513,511824.72071648407,11.663341509617066,4.339963833634706,22.0
2023-04-12,300549.SZ,sell,34000,13.626847160185589,463312.80344631005,463.31280344631006,,18.26792512686514,462849.49064286373,14.418746957419016,-5.492154065620543,22.0
2023-04-12,300150.SZ,sell,114200,4.394010483855743,501795.99725632585,501.79599725632585,,19.785276035224992,501294.2012590695,4.301179276450339,2.1582733812949733,22.0
2023-04-12,000529.SZ,buy,60100,8.34605926803439,501598.16200886684,501.59816200886684,502099.7601708757,19.777475604368878,,,,
2023-04-12,600800.SH,buy,121400,4.13,501382.0,501.382,501883.382,19.768952569037502,,,,
2023-04-12,603399.SH,buy,37700,13.3,501410.0,501.41,501911.41,19.770056578898114,,,,
2023-04-12,002322.SZ,buy,38700,12.934305963262732,500557.64077826776,500.55764077826774,501058.198419046,19.736448972270416,,,,
2023-04-12,600790.SH,buy,101900,4.919760756087597,501323.6210453262,501.3236210453262,501824.9446663715,19.76665074969421,,,,
2023-04-28,000529.SZ,sell,60100,8.123920808428911,488247.6405865776,488.2476405865776,,20.869234415041866,487759.392945991,8.34605926803439,-2.6615969581749077,12.0
2023-04-28,600800.SH,sell,121400,3.72,451608.0,451.608,,19.303141341114188,451156.392,4.13,-9.927360774818395,12.0
2023-04-28,603399.SH,sell,37700,11.69,440713.0,440.713,,18.837454894214577,440272.287,13.3,-12.105263157894745,12.0
2023-04-28,002322.SZ,sell,38700,10.97354984824616,424676.37912712636,424.6763791271264,,18.151999456439025,424251.7027479992,12.934305963262732,-15.159345391903528,12.0
2023-04-28,600790.SH,sell,101900,4.998929319978663,509390.89770582574,509.39089770582575,,21.772963491108648,508881.50680811994,4.919760756087597,1.609195402298866,12.0
2023-04-28,002728.SZ,buy,16800,27.47943441759078,461654.4982155251,461.6544982155251,462116.15271374065,19.732560162387355,,,,
2023-04-28,301089.SZ,buy,5500,83.09191648023862,457005.54064131243,457.00554064131245,457462.54618195374,19.533849144992026,,,,
2023-04-28,600230.SH,buy,27500,16.80304743966375,462083.8045907531,462.0838045907531,462545.88839534385,19.750910062388392,,,,
2023-04-28,600833.SH,buy,36900,12.528885014753962,462315.8570444212,462.3158570444212,462778.1729014656,19.760828711552506,,,,
2023-04-28,002006.SZ,buy,22900,20.2,462580.0,462.58,463042.58,19.77211900934572,,,,
2023-05-10,002728.SZ,sell,16800,24.956281006960577,419265.5209169377,419.2655209169377,,18.962847491987347,418846.2553960207,27.47943441759078,-9.181969949916525,5.0
2023-05-10,301089.SZ,sell,5500,71.99364653243846,395965.05592841154,395.9650559284116,,17.908997027242485,395569.09087248315,83.09191648023862,-13.356618089847059,5.0
2023-05-10,600230.SH,sell,27500,15.98804933031479,439671.35658365674,439.67135658365675,,19.88577754559223,439231.6852270731,16.80304743966375,-4.850299401197599,5.0
2023-05-10,600833.SH,sell,36900,13.368238422605128,493287.9977941292,493.2879977941292,,22.310790191714926,492794.7097963351,12.528885014753962,6.699346405228768,5.0
2023-05-10,002006.SZ,sell,22900,18.93,433497.0,433.497,,19.60651923214693,433063.503,20.2,-6.287128712871286,5.0
2023-05-10,600585.SH,buy,13600,31.932483241546745,434281.77208503574,434.28177208503575,434716.0538571208,19.64201347773134,,,,
2023-05-10,600658.SH,buy,69700,6.273832074660525,437286.0956038386,437.28609560383865,437723.38169944246,19.777895218207053,,,,
2023-05-10,600639.SH,buy,29900,14.583987986298668,436061.24079033016,436.06124079033015,436497.3020311205,19.722496589248507,,,,
2023-05-10,000048.SZ,buy,13800,31.651658820894795,436792.89172834816,436.79289172834814,437229.6846200765,19.755588232760388,,,,
2023-05-10,600297.SH,buy,201500,2.17,437255.0,437.255,437692.255,19.77648880350361,,,,
2023-05-12,600585.SH,sell,13600,31.77003601575399,432072.4898142543,432.0724898142543,,19.606158923878162,431640.41732444003,31.932483241546745,-0.5087209302325622,2.0
2023-05-12,600658.SH,sell,69700,6.051280599039122,421774.2577530268,421.7742577530268,,19.13885591526911,421352.48349527374,6.273832074660525,-3.5472972972972974,2.0
2023-05-12,600639.SH,sell,29900,14.594815000393915,436384.96851177805,436.3849685117781,,19.801846325165474,435948.5835432663,14.583987986298668,0.07423904974015616,2.0
2023-05-12,000048.SZ,sell,13800,31.682873474564317,437223.6539489876,437.2236539489876,,19.83990336502964,436786.4302950386,31.651658820894795,0.0986193293885629,2.0
2023-05-12,600297.SH,sell,201500,2.24,451360.00000000006,451.36000000000007,,20.48136852148577,450908.6400000001,2.17,3.2258064516129163,2.0
2023-05-12,600822.SH,buy,48500,8.98,435530.0,435.53000000000003,435965.53,19.763050408017317,,,,
2023-05-12,000850.SZ,buy,108700,4.007042460153403,435565.51541867486,435.56551541867486,436001.0809340935,19.764661991627015,,,,
2023-05-12,000912.SZ,buy,92300,4.72,435656.0,435.656,436091.656,19.768767911636836,,,,
2023-05-12,605066.SH,buy,47900,9.083050440352281,435078.11609287426,435.07811609287427,435513.19420896715,19.74254526615545,,,,
2023-05-12,603519.SH,buy,24200,17.99394815303255,435453.54530338774,435.4535453033877,435888.9988486911,19.759581122266443,,,,
2023-06-12,600822.SH,sell,48500,15.55,754175.0,754.1750000000001,,29.661182825168048,753420.825,8.98,73.16258351893096,21.0
2023-06-12,000850.SZ,sell,108700,3.9862266551655927,433302.8374164999,433.3028374164999,,17.041501878575755,432869.53457908344,4.007042460153403,-0.5194805194805222,21.0
2023-06-12,000912.SZ,sell,92300,4.66,430118.0,430.118,,16.916244418597316,429687.882,4.72,-1.2711864406779578,21.0
2023-06-12,605066.SH,sell,47900,9.371222175480497,448881.54220551584,448.88154220551587,,17.654201598039172,448432.6606633103,9.083050440352281,3.172631672813211,21.0
2023-06-12,603519.SH,sell,24200,18.7618111374761,454035.8295269217,454.0358295269217,,17.85691616504771,453581.7936973948,17.99394815303255,4.267340207458253,21.0
2023-06-12,300389.SZ,buy,22300,22.530879693473935,502438.61716446874,502.4386171644688,502941.0557816332,19.760564434169687,,,,
2023-06-12,300775.SZ,buy,15700,31.914280869635835,501054.2096532826,501.0542096532826,501555.2638629359,19.706116641159007,,,,
2023-06-12,601958.SH,buy,41900,11.993456925163887,502525.8451643669,502.5258451643669,503028.37100953126,19.763995051271092,,,,
2023-06-12,300274.SZ,buy,4800,104.00462684572719,499222.2088594905,499.22220885949054,499721.43106835004,19.63406531291222,,,,
2023-06-12,603688.SH,buy,4600,107.26767580285328,493431.3086931251,493.4313086931251,493924.7400018182,19.406313201589438,,,,
2023-06-26,300389.SZ,sell,22300,23.037968545910175,513746.6985737969,513.746698573797,,19.79449720300314,513232.9518752231,22.530879693473935,2.2506393861892504,8.0
2023-06-26,300775.SZ,sell,15700,32.54994311901524,511034.10696853924,511.0341069685393,,19.68998190958671,510523.0728615707,31.914280869635835,1.991779955738221,8.0
2023-06-26,601958.SH,sell,41900,12.103589679297624,507140.4075625704,507.14040756257043,,19.539958907561104,506633.26715500787,11.993456925163887,0.9182736455463777,8.0
2023-06-26,300274.SZ,sell,4800,112.48924137451336,539948.3585976642,539.9483585976642,,20.80403884579382,539408.4102390665,104.00462684572719,8.157920263847126,8.0
2023-06-26,603688.SH,sell,4600,105.34575807025448,484590.4871231706,484.5904871231706,,18.671117631685682,484105.8966360474,107.26767580285328,-1.7917025965315803,8.0
2023-06-26,605287.SH,buy,22300,22.94931188925082,511769.6551302933,511.7696551302933,512281.42478542356,19.71832234675338,,,,
2023-06-26,603071.SH,buy,29800,17.175142581238152,511819.2489208969,511.81924892089694,512331.0681698178,19.720233179761387,,,,
2023-06-26,000090.SZ,buy,85600,5.996812293739683,513327.1323441168,513.3271323441168,513840.45947646094,19.77833144936826,,,,
2023-06-26,600820.SH,buy,77600,6.610537568913009,512977.71534764953,512.9777153476496,513490.6930629972,19.764868523419626,,,,
2023-06-26,600284.SH,buy,77500,6.6228083945506215,513267.65057767316,513.2676505776732,513780.9182282508,19.776039635790152,,,,
2023-07-11,605287.SH,sell,22300,24.2477875975572,540725.6634255255,540.7256634255256,,20.06805160803901,540184.9377621,22.94931188925082,5.658015868068667,11.0
2023-07-11,603071.SH,sell,29800,18.235069516352343,543405.0715872998,543.4050715872999,,20.167492978971637,542861.6665157125,17.175142581238152,6.171284634760694,11.0
2023-07-11,000090.SZ,sell,85600,6.080433182297806,520485.0804046922,520.4850804046922,,19.316859104865312,519964.59532428754,5.996812293739683,1.394422310756984,11.0
2023-07-11,600820.SH,sell,77600,6.858291958207874,532203.455956931,532.203455956931,,19.751765345221887,531671.2525009741,6.610537568913009,3.7478705281090217,11.0
2023-07-11,600284.SH,sell,77500,6.845423802770811,530520.3447147378,530.5203447147378,,19.6892997262305,529989.8243700231,6.6228083945506215,3.3613445378151336,11.0
2023-07-11,603230.SH,buy,41400,12.872509122755801,532921.8776820902,532.9218776820902,533454.7995597722,19.778428263651715,,,,
2023-07-11,600826.SH,buy,43000,12.387253082340516,532651.8825406422,532.6518825406422,533184.5344231828,19.768407884004535,,,,
2023-07-11,002131.SZ,buy,233100,2.285598553345389,532773.0227848102,532.7730227848102,533305.795807595,19.772903784303352,,,,
2023-07-11,000822.SZ,buy,72900,7.301196457217641,532257.221731166,532.257221731166,532789.4789528971,19.75376076435043,,,,
2023-07-11,603519.SH,buy,27000,19.707330777233715,532097.9309853103,532.0979309853103,532630.0289162956,19.747848977422723,,,,
2023-09-12,603230.SH,sell,41400,11.89639468690702,492510.74003795057,492.5107400379506,,18.392819089783053,492018.2292979126,12.872509122755801,-7.582938388625599,45.0
2023-09-12,600826.SH,sell,43000,12.18660703923355,524024.1026870427,524.0241026870427,,19.569685970027763,523500.07858435565,12.387253082340516,-1.6197783461210653,45.0
2023-09-12,002131.SZ,sell,233100,2.3359421338155517,544508.1113924051,544.5081113924051,,20.334661504007475,543963.6032810127,2.285598553345389,2.2026431718061716,45.0
2023-09-12,000822.SZ,sell,72900,7.111280942434523,518412.3807034767,518.4123807034767,,19.360116149848952,517893.96832277323,7.301196457217641,-2.6011560693641576,45.0
2023-09-12,603519.SH,sell,27000,21.179639930570573,571850.2781254054,571.8502781254055,,21.355755026158903,571278.42784728,19.707330777233715,7.470870459218651,45.0
2023-09-12,002192.SZ,buy,10100,52.14098259558724,526623.9242154311,526.6239242154311,527150.5481396465,19.66677633405452,,,,
2023-09-12,300394.SZ,buy,3500,147.97479869521086,517911.79543323803,517.911795433238,518429.7072286713,19.3414217873386,,,,
2023-09-12,300624.SZ,buy,4000,129.256805328632,517027.22131452797,517.027221314528,517544.2485358425,19.30838735699159,,,,
2023-09-12,600818.SH,buy,35700,14.828529959062148,529378.5195385187,529.3785195385187,529907.8980580573,19.769646727173683,,,,
2023-09-12,600129.SH,buy,13200,39.95,527340.0,527.34,527867.34,19.693518192230314,,,,
2023-10-16,002192.SZ,sell,10100,62.96441688365083,635940.6105248734,635.9406105248734,,22.54088407609932,635304.6699143485,52.14098259558724,20.758017492711367,18.0
2023-10-16,300394.SZ,sell,3500,154.0027061039879,539009.4713639576,539.0094713639577,,19.105164552876648,538470.4618925937,147.97479869521086,4.073604060913729,18.0
2023-10-16,300624.SZ,sell,4000,143.24752320877232,572990.0928350893,572.9900928350893,,20.309606031747467,572417.1027422543,129.256805328632,10.823970037453188,18.0
2023-10-16,600818.SH,sell,35700,13.284518049869742,474257.2943803498,474.25729438034983,,16.810026782294717,473783.03708596947,14.828529959062148,-10.412440838404317,18.0
2023-10-16,600129.SH,sell,13200,41.28,544896.0,544.896,,19.31381227469167,544351.104,39.95,3.329161451814764,18.0
2023-10-16,603758.SH,buy,44600,12.486013215859026,556876.1894273126,556.8761894273126,557433.0656167399,19.738449507511074,,,,
2023-10-16,600323.SH,buy,30200,18.446679352229395,557089.7164373278,557.0897164373278,557646.8061537651,19.74601796201801,,,,
2023-10-16,300627.SZ,buy,9100,61.05202372336034,555573.4158825792,555.5734158825792,556128.9892984617,19.6922727624452,,,,
2023-10-16,000531.SZ,buy,65100,8.570289534514076,557925.8486968664,557.9258486968664,558483.7745455633,19.775654629377545,,,,
2023-10-16,300389.SZ,buy,29500,18.900584499896294,557567.2427469407,557.5672427469407,558124.8099896876,19.762943858886565,,,,
2023-10-25,603758.SH,sell,44600,12.844463356027228,572863.0656788144,572.8630656788145,,20.772111175600866,572290.2026131356,12.486013215859026,2.870813397129188,7.0
2023-10-25,600323.SH,sell,30200,17.966731812522067,542595.3007381664,542.5953007381664,,19.67459692472298,542052.7054374283,18.446679352229395,-2.6018099547511464,7.0
2023-10-25,300627.SZ,sell,9100,58.55139138304288,532817.6615856902,532.8176615856902,,19.320058083456477,532284.8439241046,61.05202372336034,-4.0959040959041,7.0
2023-10-25,000531.SZ,sell,65100,8.248098198630087,536951.1927308186,536.9511927308187,,19.46994061846102,536414.2415380878,8.570289534514076,-3.759398496240617,7.0
2023-10-25,300389.SZ,sell,29500,18.370446154167496,541928.1615479412,541.9281615479412,,19.65040634540445,541386.2333863932,18.900584499896294,-2.804878048780483,7.0
2023-10-25,301149.SZ,buy,44600,12.215456857707256,544809.3758537436,544.8093758537436,545354.1852295974,19.754879661047415,,,,
2023-10-25,300905.SZ,buy,13000,41.68771348426759,541940.2752954786,541.9402752954786,542482.2155707742,19.650845591928928,,,,
2023-10-25,000897.SZ,buy,230100,2.37,545337.0,545.337,545882.337,19.77401140139095,,,,
2023-10-25,300043.SZ,buy,166000,3.28536,545369.76,545.36976,545915.12976,19.77519928450453,,,,
2023-10-25,002827.SZ,buy,30700,17.750403234392568,544937.3792958518,544.9373792958518,545482.3166751476,19.759521087401513,,,,
2023-12-12,301149.SZ,sell,44600,12.18494364324171,543448.4864885802,543.4484864885802,,19.14565924896103,542905.0380020917,12.215456857707256,-0.24979184013322078,34.0
2023-12-12,300905.SZ,sell,13000,41.39310066812436,538110.3086856167,538.1103086856167,,18.957595548781686,537572.1983769311,41.68771348426759,-0.706713780918715,34.0
2023-12-12,000897.SZ,sell,230100,2.21,508521.0,508.521,,17.915165887844456,508012.479,2.37,-6.7510548523206815,34.0
2023-12-12,300043.SZ,sell,166000,4.0940639999999995,679614.624,679.6146239999999,,23.94278452367756,678935.0093759999,3.28536,24.615384615384606,34.0
2023-12-12,002827.SZ,sell,30700,17.550369034242237,538796.3293512367,538.7963293512367,,18.98176401778704,538257.5330218854,17.750403234392568,-1.1269276393831507,34.0
2023-12-12,002739.SZ,buy,43900,12.77,560603.0,560.6030000000001,561163.603,19.750011783629912,,,,
2023-12-12,600826.SH,buy,57100,9.831656112241278,561387.564008977,561.387564008977,561948.951572986,19.777651929013203,,,,
2023-12-12,300638.SZ,buy,4900,114.0374751126355,558783.6280519139,558.783628051914,559342.4116799658,19.68591541344726,,,,
2023-12-12,300736.SZ,buy,42200,13.3,561260.0,561.26,561821.26,19.773157856237166,,,,
2023-12-12,300389.SZ,buy,32400,17.28711996941734,560102.6870091218,560.1026870091217,560662.7896961309,19.732385785436275,,,,
2024-01-15,002739.SZ,sell,43900,12.55,550945.0,550.945,,20.073979338262905,550394.055,12.77,-1.722787783868433,23.0
2024-01-15,600826.SH,sell,57100,9.409243389910825,537267.7975639082,537.2677975639082,,19.57564306312229,536730.5297663442,9.831656112241278,-4.296455424274978,23.0
2024-01-15,300638.SZ,sell,4900,94.76907414532813,464368.46331210784,464.36846331210785,,16.91951635438773,463904.09484879574,114.0374751126355,-16.896551724137925,23.0
2024-01-15,300736.SZ,sell,42200,12.44,524968.0,524.968,,19.127493280180783,524443.032,13.3,-6.466165413533844,23.0
2024-01-15,300389.SZ,sell,32400,19.6381682852581,636276.6524423624,636.2766524423624,,23.183084290713357,635640.37578992,17.28711996941734,13.600000000000012,23.0
2024-01-15,000990.SZ,buy,64800,8.366346153846154,542139.2307692308,542.1392307692307,542681.37,19.753136369189818,,,,
2024-01-15,600502.SH,buy,96800,5.6030475782843014,542375.0055779204,542.3750055779203,542917.3805834983,19.761726951985047,,,,
2024-01-15,600284.SH,buy,77900,6.967862277291914,542796.4714010401,542.7964714010401,543339.2678724411,19.777083287417966,,,,
2024-01-15,601618.SH,buy,164000,3.3090657114765403,542686.7766821526,542.6867766821526,543229.4634588348,19.773086500950235,,,,
2024-01-15,000059.SZ,buy,89700,6.048795554861789,542576.9612711024,542.5769612711024,543119.5382323735,19.76908531699822,,,,
2024-01-24,000990.SZ,sell,64800,7.37252564102564,477739.66153846146,477.73966153846146,,18.63762958295407,477261.921876923,8.366346153846154,-11.878787878787888,7.0
2024-01-24,600502.SH,sell,96800,5.29764037275937,512811.588083107,512.811588083107,,20.00585924509832,512298.7764950239,5.6030475782843014,-5.450733752620556,7.0
2024-01-24,600284.SH,sell,77900,6.734116098660715,524587.6440856698,524.5876440856698,,20.46526797205456,524063.0564415841,6.967862277291914,-3.3546325878594296,7.0
2024-01-24,601618.SH,sell,164000,3.2761941977863764,537295.8484369657,537.2958484369657,,20.961041767768336,536758.5525885287,3.3090657114765403,-0.9933774834436943,7.0
2024-01-24,000059.SZ,sell,89700,5.399110106376633,484300.17654198396,484.300176541984,,18.893569079614895,483815.876365442,6.048795554861789,-10.740740740740748,7.0
2024-01-24,300815.SZ,buy,12700,39.69391927598569,504112.77480501827,504.11277480501826,504616.88757982326,19.666500232773053,,,,
2024-01-24,300532.SZ,buy,36700,13.798721223482557,506413.06890180986,506.4130689018099,506919.48197071167,19.75623954637703,,,,
2024-01-24,601137.SH,buy,32700,15.464543339374881,505690.5671975586,505.6905671975586,506196.25776475616,19.728053234414727,,,,
2024-01-24,000034.SZ,buy,18700,27.021113489678186,505294.8222569821,505.2948222569821,505800.11707923905,19.71261439145151,,,,
2024-01-24,000589.SZ,buy,67300,7.522963455261548,506295.4405391022,506.2954405391022,506801.73597964126,19.751650616403047,,,,
2024-02-07,300815.SZ,sell,12700,34.1367705773477,433536.9863323158,433.5369863323158,,19.44811052577134,433103.44934598345,39.69391927598569,-13.999999999999996,10.0
2024-02-07,300532.SZ,sell,36700,11.736354569125378,430724.2126869014,430.7242126869014,,19.321931827149154,430293.4884742145,13.798721223482557,-14.94607087827428,10.0
2024-02-07,000034.SZ,sell,18700,23.569818620280035,440755.6081992367,440.7556081992367,,19.771931930490005,440314.85259103746,27.021113489678186,-12.772585669781941,10.0
2024-02-07,000589.SZ,sell,67300,6.564540536877441,441793.5781318518,441.7935781318518,,19.81849440291641,441351.78455372,7.522963455261548,-12.739965095986047,10.0
2024-02-07,601137.SH,rebalance_sell,700,13.821172248814607,9674.820574170224,9.674820574170225,,0.4340044466223293,9665.145753596054,15.464543339374881,-10.626702997275208,10.0
2024-02-07,300860.SZ,buy,6900,63.627160117428176,439027.4048102544,439.02740481025444,439466.43221506465,19.694406156266496,,,,
2024-02-07,300996.SZ,buy,15800,27.76719400350049,438721.66525530774,438.72166525530776,439160.38692056306,19.680690932781168,,,,
2024-02-07,300719.SZ,buy,52600,8.37950667112453,440762.0509011503,440.7620509011503,441202.8129520514,19.772220944767565,,,,
2024-02-07,603439.SH,buy,32300,13.643973411362937,440700.34118702286,440.70034118702284,441141.04152820987,19.769452698046525,,,,
2024-04-12,601137.SH,sell,32000,17.897996685012206,572735.8939203906,572.7358939203906,,20.614243144782442,572163.1580264702,15.464543339374881,15.735694822888263,49.0
2024-04-12,300860.SZ,sell,6900,69.76174620889459,481356.0488413727,481.35604884137274,,17.325246654450265,480874.69279253134,63.627160117428176,9.641458270563433,39.0
2024-04-12,300996.SZ,sell,15800,33.30684115154984,526248.0901944875,526.2480901944875,,18.941027096259567,525721.8421042929,27.76719400350049,19.95033112582781,39.0
2024-04-12,300719.SZ,sell,52600,12.958528042753704,681618.5750488448,681.6185750488448,,24.533211882142133,680936.9564737959,8.37950667112453,54.64547677261614,39.0
2024-04-12,603439.SH,sell,32300,15.238325360555912,492197.9091459559,492.1979091459559,,17.71547319138093,491705.71123680996,13.643973411362937,11.68539325842698,39.0
2024-04-12,601886.SH,buy,80200,6.847306696563072,549153.9970643583,549.1539970643584,549703.1510614227,19.765469808301102,,,,
2024-04-12,600502.SH,buy,95800,5.732258319083311,549150.3469681812,549.1503469681812,549699.4973151494,19.76533843191821,,,,
2024-04-12,002061.SZ,buy,93900,5.851218422318258,549429.4098556844,549.4294098556844,549978.83926554,19.77538262554522,,,,
2024-04-12,601956.SH,buy,106100,5.178821740989129,549472.9867189466,549.4729867189466,550022.4597056656,19.776951069332853,,,,
2024-04-12,600757.SH,buy,58200,9.43920872716903,549361.9479212376,549.3619479212375,549911.3098691588,19.77295449639448,,,,
2024-09-02,601886.SH,sell,80200,5.44330649419715,436553.1808346114,436.5531808346114,,16.605610602083914,436116.6276537768,6.847306696563072,-20.504415306395494,97.0
2024-09-02,600502.SH,sell,95800,5.131473343303233,491595.1462884497,491.5951462884497,,18.69929697347257,491103.55114216125,5.732258319083311,-10.480772888060534,97.0
2024-09-02,002061.SZ,sell,93900,5.6214633100630165,527855.4048149172,527.8554048149173,,20.078564746233408,527327.5494101023,5.851218422318258,-3.926619990443158,97.0
2024-09-02,601956.SH,sell,106100,4.856688156967133,515294.6134542128,515.2946134542128,,19.600777344040825,514779.3188407586,5.178821740989129,-6.220209926755853,97.0
2024-09-02,600757.SH,sell,58200,10.848292374681352,631370.6162064547,631.3706162064547,,24.01607652538018,630739.2455902483,9.43920872716903,14.927984836870205,97.0
2024-09-02,300857.SZ,buy,9800,52.96528119434396,519059.7557045708,519.0597557045708,519578.8154602754,19.743995831079143,,,,
2024-09-02,002213.SZ,buy,55500,9.356770456191166,519300.7603186097,519.3007603186097,519820.0610789283,19.753163164979643,,,,
2024-09-02,600238.SH,buy,76200,6.82,519684.0,519.684,520203.684,19.767740836603217,,,,
2024-09-02,600861.SH,buy,36200,14.362804391471192,519933.51897125714,519.9335189712572,520453.4524902284,19.777232039637422,,,,
2024-09-02,300831.SZ,buy,46800,11.089181255759991,518973.6827695676,518.9736827695676,519492.65645233716,19.740721788637604,,,,
2024-09-10,300857.SZ,sell,9800,47.03987237767159,460990.7493011816,460.9907493011816,,18.007504648415527,460529.7585518804,52.96528119434396,-11.187345149609301,6.0
2024-09-10,600238.SH,sell,76200,7.02,534924.0,534.924,,20.89553083473195,534389.076,6.82,2.9325513196480832,6.0
2024-09-10,600861.SH,sell,36200,14.022551308256153,507616.3573588727,507.61635735887273,,19.82882287466376,507108.74100151384,14.362804391471192,-2.3689877961234744,6.0
2024-09-10,300831.SZ,rebalance_sell,1500,11.189991994448718,16784.98799167308,16.78498799167308,,0.6556655415360132,16768.203003681407,11.089181255759991,0.9090909090909087,6.0
2024-09-10,000735.SZ,buy,104700,4.833868851305984,506106.0687317365,506.1060687317365,506612.17480046826,19.769827049878057,,,,
2024-09-10,600833.SH,buy,42500,11.895117105693563,505542.47699197644,505.54247699197646,506048.0194689684,19.74781168213169,,,,
2024-09-10,300302.SZ,buy,49200,10.279265406574032,505739.85800344235,505.73985800344235,506245.5978614458,19.755521900800655,,,,
2024-10-10,002213.SZ,sell,55500,11.988674873280232,665371.4554670529,665.3714554670529,,19.58087833557662,664706.0840115858,9.356770456191166,28.12834224598931,21.0
2024-10-10,300831.SZ,sell,45300,17.571311753445148,795980.4224310652,795.9804224310652,,23.42450323208273,795184.4420086342,11.089181255759991,58.45454545454544,21.0
2024-10-10,000735.SZ,sell,104700,5.610920837841601,587463.4117220156,587.4634117220156,,17.288162119093396,586875.9483102936,4.833868851305984,16.075156576200406,15.0
2024-10-10,600833.SH,sell,42500,12.608404551184888,535857.1934253577,535.8571934253577,,15.769468953759521,535321.3362319323,11.895117105693563,5.996472663139332,15.0
2024-10-10,300302.SZ,sell,49200,15.989968410226272,786706.4457831326,786.7064457831326,,23.151584087538605,785919.7393373494,10.279265406574032,55.55555555555556,15.0
2024-10-10,300743.SZ,buy,31200,21.500891994677374,670827.8302339341,670.8278302339342,671498.6580641681,19.741451214959636,,,,
2024-10-10,002636.SZ,buy,80600,8.338185545456591,672057.7549638012,672.0577549638012,672729.812718765,19.777646044628934,,,,
2024-10-10,002322.SZ,buy,36000,18.64415925001948,671189.7330007013,671.1897330007013,671860.922733702,19.75210146751729,,,,
2024-10-10,002376.SZ,buy,83800,8.020233003864405,672095.5257238371,672.0955257238371,672767.621249561,19.778757581126072,,,,
2024-10-10,600728.SH,buy,138100,4.86420684380794,671746.9651298765,671.7469651298766,672418.7120950064,19.768499968589737,,,,
2024-10-15,002636.SZ,sell,80600,8.008775746129912,645507.3251380709,645.5073251380709,,19.57330837597552,644861.8178129328,8.338185545456591,-3.9506172839506104,3.0
2024-10-15,002376.SZ,sell,83800,7.7607880543723065,650354.0389563993,650.3540389563993,,19.720272198819757,649703.684917443,8.020233003864405,-3.234880450070336,3.0
2024-10-15,300743.SZ,rebalance_sell,600,21.378727835616708,12827.236701370024,12.827236701370024,,0.3889521463042167,12814.409464668654,21.500891994677374,-0.5681818181818167,3.0
2024-10-15,600728.SH,rebalance_buy,700,4.701728118336276,3291.2096828353933,3.2912096828353934,3294.5008925182287,0.09979725952506371,,,,
2024-10-15,002970.SZ,buy,7400,87.2633411527394,645748.7245302716,645.7487245302716,646394.4732548018,19.58062817632683,,,,
2024-10-15,603909.SH,buy,39900,16.347421177485806,652262.1049816837,652.2621049816837,652914.3670866654,19.77812927225672,,,,
2024-11-12,300743.SZ,sell,30600,26.47908147639955,810259.8931778262,810.2598931778263,,21.82779332047822,809449.6332846484,21.500891994677374,23.15340909090909,23.0
2024-11-12,002322.SZ,sell,36000,17.60633768076496,633828.1565075385,633.8281565075386,,17.074854768740128,633194.3283510309,18.64415925001948,-5.5664702030124396,23.0
2024-11-12,002970.SZ,sell,7400,105.34230130543614,779533.0296602275,779.5330296602275,,21.000034681681214,778753.4966305672,87.2633411527394,20.717703349282306,20.0
2024-11-12,603909.SH,sell,39900,18.330611728495988,731391.4079669899,731.39140796699,,19.703135529593947,730660.016559023,16.347421177485806,12.131519274376412,20.0
2024-11-12,600728.SH,rebalance_buy,3000,5.179009374409289,15537.028123227867,15.537028123227866,15552.565151351095,0.41855587515035164,,,,
2024-11-12,603315.SH,buy,67800,10.829979052861795,734272.5797840296,734.2725797840296,735006.8523638137,19.780752135663977,,,,
2024-11-12,605058.SH,buy,33300,22.011867397114997,732995.1843239294,732.9951843239294,733728.1795082533,19.746340060814475,,,,
2024-11-12,603039.SH,buy,8900,81.63874403328147,726584.8218962051,726.5848218962051,727311.4067181012,19.573649708793045,,,,
2024-11-12,002376.SZ,buy,90400,8.121754940622182,734206.6466322453,734.2066466322453,734940.8532788776,19.778975946046014,,,,
2024-11-20,603315.SH,sell,67800,10.366278712824897,702833.696729528,702.833696729528,,19.184546513119017,702130.8630327985,10.829979052861795,-4.281636536631766,6.0
2024-11-20,605058.SH,sell,33300,20.948644725135743,697589.8693470203,697.5898693470203,,19.04141101635128,696892.2794776732,22.011867397114997,-4.830224772835976,6.0
2024-11-20,603039.SH,sell,8900,95.38177810831107,848897.8251639685,848.8978251639685,,23.171512532090468,848048.9273388045,81.63874403328147,16.833960685905467,6.0
2024-11-20,600728.SH,rebalance_buy,7500,4.854051923465962,36405.38942599471,36.40538942599471,36441.794815420704,0.9937214024045018,,,,
2024-11-20,002376.SZ,rebalance_buy,5600,7.546463965661443,42260.19820770408,42.26019820770408,42302.458405911784,1.1535342456429298,,,,
2024-11-20,002491.SZ,buy,169700,4.27,724618.9999999999,724.6189999999999,725343.6189999998,19.779198086940198,,,,
2024-11-20,603577.SH,buy,60800,11.915639073434566,724470.8556648216,724.4708556648216,725195.3265204864,19.77515433960408,,,,
2024-11-20,300515.SZ,buy,56400,12.842928141201032,724341.1471637381,724.3411471637381,725065.4883109019,19.771613816741045,,,,
2025-01-08,600728.SH,sell,149300,4.397080508076907,656484.1198558821,656.4841198558821,,18.904433995933232,655827.6357360262,4.86926049807056,-9.69716017823967,63.0
2025-01-08,002376.SZ,sell,96000,6.824530193161694,655154.8985435226,655.1548985435226,,18.866157096606244,654499.7436449791,8.08819630041614,-15.623583557058698,40.0
2025-01-08,002491.SZ,sell,169700,4.37,741589.0,741.589,,21.35515525598363,740847.411,4.27,2.3419203747072728,34.0
2025-01-08,603577.SH,sell,60800,11.568159926700144,703344.1235433688,703.3441235433688,,20.253837309685515,702640.7794198254,11.915639073434566,-2.916160388821381,34.0
2025-01-08,300515.SZ,sell,56400,12.050287038241168,679636.1889568019,679.6361889568019,,19.571132167221375,678956.5527678451,12.842928141201032,-6.1718098415346185,34.0
2025-01-08,603385.SH,buy,102500,6.70013704727427,686764.0473456127,686.7640473456127,687450.8113929583,19.776389422298944,,,,
2025-01-08,301022.SZ,buy,26000,26.342948565837844,684916.6627117839,684.9166627117839,685601.5793744957,19.723191241537187,,,,
2025-01-08,601002.SH,buy,151700,4.5268835445973,686728.2337154105,686.7282337154105,687414.9619491259,19.775358115694814,,,,
2025-01-08,300950.SZ,buy,28700,23.869568468194135,685056.6150371716,685.0566150371717,685741.6716522088,19.72722137633839,,,,
2025-01-08,301158.SZ,buy,48400,14.165918351912113,685630.4482325463,685.6304482325463,686316.0786807789,19.74374575436755,,,,
2025-03-11,603385.SH,sell,102500,7.223074572915188,740365.1437238067,740.3651437238067,,17.9770906983362,739624.7785800829,6.70013704727427,7.8048780487804805,38.0
2025-03-11,301022.SZ,sell,26000,38.83810413875432,1009790.7076076122,1009.7907076076123,,24.51911639936841,1008780.9169000046,26.342948565837844,47.43263853584138,38.0
2025-03-11,601002.SH,sell,151700,5.40030578143725,819226.3870440308,819.2263870440308,,19.891950866685917,818407.1606569868,4.5268835445973,19.29411764705883,38.0
2025-03-11,300950.SZ,sell,28700,26.765170804836426,768160.4020988054,768.1604020988054,,18.651998053209525,767392.2416967066,23.869568468194135,12.130937098844667,38.0
2025-03-11,301158.SZ,sell,48400,15.375076945599977,744153.7241670389,744.153724167039,,18.069082676650265,743409.5704428719,14.165918351912113,8.535688005886689,38.0
2025-03-11,002857.SZ,buy,54700,14.87474699491925,813648.6606220829,813.648660622083,814462.309282705,19.75651594700084,,,,
2025-03-11,001255.SZ,buy,28000,29.057706814363993,813615.7908021918,813.6157908021919,814429.406592994,19.75571782226681,,,,
2025-03-11,003008.SZ,buy,26300,30.954292676064167,814097.8973804876,814.0978973804877,814911.9952778681,19.767424037446926,,,,
2025-03-11,603518.SH,buy,86700,9.38585240230977,813753.403280257,813.753403280257,814567.1566835373,19.759059243753725,,,,
2025-03-11,002457.SZ,buy,62600,12.998212584342076,813688.1077798139,813.688107779814,814501.7958875938,19.75747377860371,,,,
2025-04-09,002857.SZ,sell,54700,12.749783138502213,697413.137676071,697.4131376760711,,19.387562300538335,696715.724538395,14.87474699491925,-14.28571428571429,20.0
2025-04-09,001255.SZ,sell,28000,23.446006575118986,656488.1841033316,656.4881841033316,,18.24987927712696,655831.6959192284,29.057706814363993,-19.312261201806177,20.0
2025-04-09,003008.SZ,sell,26300,26.3017861454133,691736.9756243698,691.7369756243698,,19.229769251540134,691045.2386487455,30.954292676064167,-15.030246626337815,20.0
2025-04-09,603518.SH,sell,86700,8.39402150328927,727761.6643351797,727.7616643351797,,20.23122858605403,727033.9026708446,9.38585240230977,-10.567296996662968,20.0
2025-04-09,002457.SZ,sell,62600,12.49828133109815,782392.4113267442,782.3924113267443,,21.749922389777375,781610.0189154175,12.998212584342076,-3.8461538461538423,20.0
2025-04-09,300668.SZ,buy,45100,15.745525084077661,710123.1812919026,710.1231812919026,710833.3044731944,19.74089198294954,,,,
2025-04-09,300518.SZ,buy,44700,15.918105265952237,711539.3053880649,711.5393053880649,712250.844693453,19.78025917099984,,,,
2025-04-09,603182.SH,buy,54700,13.001076724075979,711158.896806956,711.158896806956,711870.055703763,19.769684097678905,,,,
2025-04-09,300673.SZ,buy,35700,19.91027036480581,710796.6520235675,710.7966520235675,711507.448675591,19.75961396431521,,,,
2025-04-09,300564.SZ,buy,35700,19.928926379555445,711462.6717501294,711.4626717501294,712174.1344218795,19.77812881332585,,,,
2025-04-22,300668.SZ,sell,45100,17.734993456187475,799848.2048740551,799.8482048740551,,19.85408742573809,799048.356669181,15.745525084077661,12.635135135135142,9.0
2025-04-22,300518.SZ,sell,44700,19.267211571907534,861244.3572642668,861.2443572642668,,21.378082315932463,860383.1129070026,15.918105265952237,21.03960396039604,9.0
2025-04-22,603182.SH,sell,54700,13.561285721129659,741802.3289457924,741.8023289457924,,18.41325416717656,741060.5266168466,13.001076724075979,4.30894308943089,9.0
2025-04-22,300673.SZ,sell,35700,21.854573829650587,780208.285718526,780.208285718526,,19.36657908406506,779428.0774328074,19.91027036480581,9.765329295987884,9.0
2025-04-22,300564.SZ,sell,35700,22.70312351761856,810501.5095789826,810.5015095789826,,20.11852715529648,809691.0080694036,19.928926379555445,13.920454545454545,9.0
2025-04-22,301327.SZ,buy,9800,80.63233175124596,790196.8511622103,790.1968511622104,790987.0480133726,19.614518443518694,,,,
2025-04-22,300479.SZ,buy,39800,19.97311864725665,794930.1221608147,794.9301221608147,795725.0522829755,19.732009206945236,,,,
2025-04-22,300533.SZ,buy,14100,56.255566910752506,793203.4934416104,793.2034934416104,793996.6969350519,19.68915027779596,,,,
2025-04-22,301356.SZ,buy,29900,26.631092150170645,796269.6552901022,796.2696552901023,797065.9249453923,19.765259525813846,,,,
2025-04-22,300379.SZ,buy,66300,12.016711630577666,796707.9811072992,796.7079811072992,797504.6890884065,19.776139789147006,,,,
2025-05-07,301327.SZ,sell,9800,88.4933855395974,867235.1782880545,867.2351782880545,,21.70626052682392,866367.9431097665,80.63233175124596,9.749257670735746,8.0
2025-05-07,300479.SZ,sell,39800,20.46467204440159,814493.9473671832,814.4939473671832,,20.386186194583722,813679.453419816,19.97311864725665,2.461074836765429,8.0
2025-05-07,300533.SZ,sell,14100,61.96843822896196,873754.9790283636,873.7549790283637,,21.869446358066945,872881.2240493352,56.255566910752506,10.155210643015513,8.0
2025-05-07,301356.SZ,sell,29900,30.55996587030716,913742.9795221841,913.7429795221841,,22.87031668528207,912829.2365426619,26.631092150170645,14.75295755045232,8.0
2025-05-07,300379.SZ,sell,66300,7.190592943364533,476736.31214506854,476.73631214506855,,11.932360279071775,476259.57583292347,12.016711630577666,-40.16172506738545,8.0
2025-05-07,301396.SZ,buy,7500,105.25105071150497,789382.8803362873,789.3828803362874,790172.2632166236,19.757674601966894,,,,
2025-05-07,300502.SZ,buy,2900,267.55521477801636,775910.1228562475,775.9101228562475,776686.0329791037,19.420461362469677,,,,
2025-05-07,300210.SZ,buy,81500,9.69,789735.0,789.735,790524.735,19.766487898923152,,,,
2025-05-07,300484.SZ,buy,35500,22.25791443209247,790155.9623392827,790.1559623392827,790946.118301622,19.777024277563243,,,,
2025-05-07,603499.SH,buy,22800,34.63899814738816,789769.15776045,789.7691577604501,790558.9269182105,19.76734284261767,,,,
2025-05-30,301396.SZ,sell,7500,111.7529401018362,838147.0507637715,838.1470507637715,,20.046904548461814,837308.9037130077,105.25105071150497,6.177505446623069,17.0
2025-05-30,300502.SZ,sell,2900,333.0687063359373,965899.2483742181,965.8992483742181,,23.10249736957725,964933.349125844,267.55521477801636,24.485970722819133,17.0
2025-05-30,300210.SZ,sell,81500,10.55,859825.0,859.825,,20.565400412342814,858965.175,9.69,8.875128998968021,17.0
2025-05-30,300484.SZ,sell,35500,21.605471961954247,766994.2546493758,766.9942546493758,,18.345063194057907,766227.2603947264,22.25791443209247,-2.9312830370014415,17.0
2025-05-30,603499.SH,sell,22800,30.595425302427746,697575.6968953526,697.5756968953526,,16.6847015666816,696878.1211984572,34.63899814738816,-11.673469387755098,17.0
2025-05-30,301306.SZ,buy,22300,37.01864661654135,825515.8195488722,825.5158195488722,826341.335368421,19.74478920215845,,,,
2025-05-30,300410.SZ,buy,139900,5.91,826809.0,826.809,827635.809,19.77571965170674,,,,
2025-05-30,300400.SZ,buy,46500,17.77042395866153,826324.7140777612,826.3247140777612,827151.0387918389,19.764136441280314,,,,
2025-05-30,300612.SZ,buy,58100,14.21,825601.0,825.601,826426.601,19.746826558695826,,,,
2025-05-30,002198.SZ,buy,135700,6.09296875,826815.859375,826.8158593750001,827642.675234375,19.775883715084117,,,,
2025-07-09,301306.SZ,sell,22300,54.36360902255638,1212308.4812030073,1212.3084812030072,,24.202394247420298,1211096.1727218044,37.01864661654135,46.85466377440344,27.0
2025-07-09,300410.SZ,sell,139900,7.67,1073033.0,1073.0330000000001,,21.421913736610527,1071959.967,5.91,29.78003384094754,27.0
2025-07-09,300400.SZ,sell,46500,19.49442031286004,906490.5445479918,906.4905445479918,,18.097078326910896,905584.0540034438,17.77042395866153,9.701492537313442,27.0
2025-07-09,300612.SZ,sell,58100,15.46,898226.0,898.226,,17.93208586127428,897327.774,14.21,8.796622097114708,27.0
2025-07-09,002198.SZ,sell,135700,6.465596590909091,877381.4573863636,877.3814573863636,,17.515947686820727,876504.0759289773,6.09296875,6.115702479338849,27.0
2025-07-09,301396.SZ,buy,9800,100.50768318824481,984975.2952447991,984.9752952447991,985960.270540044,19.66393932658788,,,,
2025-07-09,300502.SZ,buy,1800,527.2281698529455,949010.7057353018,949.0107057353018,949959.7164410371,18.945946185608,,,,
2025-07-09,600281.SH,buy,141300,7.01,990513.0,990.513,991503.513,19.77449346011847,,,,
2025-07-09,300879.SZ,buy,23000,42.93368883374562,987474.8431761493,987.4748431761493,988462.3180193255,19.71384002877123,,,,
2025-07-09,300484.SZ,buy,42500,23.26371482618442,988707.8801128378,988.7078801128378,989696.5879929506,19.73845624364234,,,,
2025-08-01,300502.SZ,sell,1800,725.462826953358,1305833.0885160444,1305.8330885160444,,26.327327816667246,1304527.2554275284,527.2281698529455,37.599405425492364,17.0
2025-08-01,600281.SH,sell,141300,6.72,949536.0,949.5360000000001,,19.14390573004675,948586.464,7.01,-4.13694721825963,17.0
2025-08-01,300879.SZ,sell,23000,32.230558503602076,741302.8455828477,741.3028455828477,,14.945649025685642,740561.5427372649,42.93368883374562,-24.929444967074314,17.0
2025-08-01,300484.SZ,sell,42500,22.520224171711643,957109.5272977449,957.1095272977449,,19.29659808992775,956152.4177704471,23.26371482618442,-3.195924038906898,17.0
2025-08-01,301396.SZ,rebalance_buy,700,92.62405846278317,64836.84092394822,64.83684092394822,64901.67776487217,1.3071967471292316,,,,
2025-08-01,000526.SZ,buy,19300,50.74,979282.0,979.282,980261.282,19.743624560976773,,,,
2025-08-01,300573.SZ,buy,5300,185.07128779015102,980877.8252878004,980.8778252878004,981858.7031130882,19.775798516331047,,,,
2025-08-01,301231.SZ,buy,39000,25.149713758810684,980838.8365936166,980.8388365936166,981819.6754302103,19.775012452520944,,,,
2025-08-01,300850.SZ,buy,10000,97.16786223039536,971678.6223039536,971.6786223039536,972650.3009262576,19.590330377456556,,,,
2025-08-14,301396.SZ,sell,10500,95.57615170413568,1003549.5928934247,1003.5495928934247,,19.086421125289043,1002546.0433005312,99.98210820654738,-4.406744948115798,26.0
2025-08-14,000526.SZ,sell,19300,53.93,1040849.0,1040.849,,19.795815256681312,1039808.151,50.74,6.286953094205749,9.0
2025-08-14,301231.SZ,sell,39000,26.287390962471857,1025208.2475364024,1025.2082475364025,,19.498345166163993,1024183.039288866,25.149713758810684,4.5236188951160985,9.0
2025-08-14,300850.SZ,rebalance_sell,800,113.2793561489961,90623.48491919688,90.62348491919688,,1.723560060467048,90532.86143427769,97.16786223039536,16.581093325279376,9.0
2025-08-14,300573.SZ,rebalance_buy,200,186.5460746147288,37309.214922945765,37.30921492294576,37346.52413786871,0.7095806653860953,,,,
2025-08-14,603259.SH,buy,5800,178.2363622102501,1033770.9008194505,1033.7709008194506,1034804.67172027,19.661197513140582,,,,
2025-08-14,300502.SZ,buy,1100,914.1756375079316,1005593.2012587248,1005.5932012587248,1006598.7944599835,19.12528833240217,,,,
2025-08-14,301235.SZ,buy,35800,29.008305204865902,1038497.3263341993,1038.4973263341992,1039535.8236605335,19.75108898281047,,,,
2025-08-28,300573.SZ,sell,5500,199.5588995374738,1097573.9474561058,1097.5739474561058,,19.452613285342224,1096476.3735086496,185.12491640195384,7.79688840165635,19.0
2025-08-28,603259.SH,sell,5800,170.90886731938426,991271.4304524286,991.2714304524287,,17.568583731503214,990280.1590219762,178.2363622102501,-4.111111111111111,10.0
2025-08-28,301235.SZ,sell,35800,32.94232212883933,1179335.132212448,1179.335132212448,,20.90168987148281,1178155.7970802356,29.008305204865902,13.56169171618316,10.0
2025-08-28,300502.SZ,rebalance_sell,100,1182.5898302610103,118258.98302610104,118.25898302610103,,2.09593738048943,118140.72404307494,914.1756375079316,29.361337333904824,10.0
2025-08-28,300850.SZ,rebalance_buy,1400,105.1795887145083,147251.42420031162,147.25142420031162,147398.67562451193,2.6097786097451987,,,,
2025-08-28,300971.SZ,buy,29000,38.38543366341456,1113177.5762390222,1113.1775762390223,1114290.7538152612,19.729160808418563,,,,
2025-08-28,605305.SH,buy,14700,75.68460982667476,1112563.764452119,1112.563764452119,1113676.328216571,19.718282048633597,,,,
2025-08-28,301165.SZ,buy,8600,129.22894893931428,1111368.9608781028,1111.3689608781028,1112480.329838981,19.69710620719608,,,,
